S.no.,NAME OF STATE ,NAME OF DISTRICT,Recharge from rainfall During Monsoon Season,Recharge from other sources During Monsoon Season,Recharge from rainfall During Non Monsoon Season,Recharge from other sources During Non Monsoon Season,Total Annual Ground Water Recharge,Available Ground Water ,Current Annual Ground Water Extraction For Irrigation,Total Ground Water,Net Ground Water Availability for future use,Stage of Ground Water Extraction (%)
1,ANDHRA PRADESH,ANANTAPUR,89200.23,46136.12,1013.97,50415.31,186765.62,177427.31,142953.85,157838.79,59410.09,88.96
2,ANDHRA PRADESH,CHITTOOR,115718.55,32389.6,1204.19,38028.6,187340.94,177973.88,95256.5,104853.79,80858.36,58.92
3,ANDHRA PRADESH,EAST GODAVARI,104140.05,95383.56,3714.55,50847.53,254085.69,241381.36,41688.32,51106.47,193656.03,21.17
4,ANDHRA PRADESH,GUNTUR,52942.86,57011.9,2547.96,18800.39,131303.1,124737.95,39174.72,48117.07,79051.91,38.57
5,ANDHRA PRADESH,KADAPA,93311.68,15869.52,2048.53,11177.61,122407.34,116286.94,74888.06,79862.47,56568.63,68.68
6,ANDHRA PRADESH,KRISHNA,52891.68,70806.39,21641.6,17375.91,162715.57,154579.78,47223.03,56995.83,98790.07,36.87
7,ANDHRA PRADESH,KURNOOL,90024.09,43892.8,1203.46,26774.23,161894.57,153799.81,53291.48,64300.17,94278.99,41.81
8,ANDHRA PRADESH,NELLORE,128089.98,46637.76,5.16,93668.83,268401.73,254981.59,90301.92,96710.05,159531.34,37.93
9,ANDHRA PRADESH,PRAKASAM,39372.56,26669.85,56344.85,36593,158980.26,151031.21,54372.39,64629.64,94941.54,42.79
10,ANDHRA PRADESH,SRIKAKULAM,34847.68,35719.34,17837.37,19681.53,108085.91,102681.56,40762.37,49510.36,63919.93,48.22
11,ANDHRA PRADESH,VISAKHAPATNAM,61906.83,10809.63,6823.31,2690.68,82230.45,77691.9,12608.08,19104.57,59560.86,24.59
12,ANDHRA PRADESH,VIZIANAGARAM,59226.39,21945.67,6795.38,17486.23,105453.67,100180.9,20595.54,21106.97,77587.51,21.07
13,ANDHRA PRADESH,WEST GODAVARI,74662.56,58478.66,48.11,58931.01,192120.35,182514.32,71924.15,75567.04,113241.04,41.4
15,ARUNACHAL PRADESH,CHANGLANG,12375.64,696,13629.49,71.16,26772.29,23922.85,0,174,23350.98,0.73
17,ARUNACHAL PRADESH,EAST KAMENG,7281.63,233,2413.44,0,9928.07,8935.26,0,25,8766.2,0.28
18,ARUNACHAL PRADESH,EAST SIANG,56206.01,5327,20135.02,670.93,82338.96,69031.84,0,65,68855.68,0.09
20,ARUNACHAL PRADESH,LOHIT,55018.3,2311,31078.96,0,88408.26,79567.43,0,218.48,78900.96,0.27
21,ARUNACHAL PRADESH,LOWER DIBANG VALLEY,39162.24,1749,20240.3,0,61151.54,55036.39,0,32,54973.98,0.06
22,ARUNACHAL PRADESH,LOWER SUBANSIRI,1358.9,1227,729.69,78.74,3394.33,2655.68,0,18,2550.48,0.68
23,ARUNACHAL PRADESH,PAPUM PARE,6076.25,1950,3165.94,3.53,11195.72,9746.46,0,99.4,9239.72,1.02
25,ARUNACHAL PRADESH,TIRAP,5204.06,819,1866.92,0,7889.98,7495.48,0,63,7360.23,0.84
27,ARUNACHAL PRADESH,UPPER SUBANSIRI,103.31,912,42.45,0,1057.76,951.98,0,16,844.74,1.68
28,ARUNACHAL PRADESH,WEST KAMENG,2976.01,318,668.99,0,3963,3566.7,0,11.72,3535.72,0.33
29,ARUNACHAL PRADESH,WEST SIANG,3148.38,2126,1125.57,0,6399.95,5759.95,0,21.9,5715.34,0.38
30,ASSAM,BAKSA,92583.69,1652.06,28843.21,1256.04,124335,107025.37,2548.56,5107.36,101465.32,4.77
31,ASSAM,BARPETA,110295.03,2216.29,26788.85,7861.3,147161.47,138867.99,24276,28683.4,109421.07,20.66
32,ASSAM,BONGAIGAON,43080.26,1088.59,14971.04,3252.26,62392.15,58584.99,10024.56,12021.11,46236.65,20.52
33,ASSAM,CACHAR,57788.78,1223.79,36771.75,1418.09,97202.41,56355.58,0,4628.94,50985.94,8.21
34,ASSAM,CHIRANG,67557.61,1956.57,26339.72,627.49,96481.38,86833.24,1522.08,2693.03,84031.49,3.1
35,ASSAM,DARRANG,44493.56,2048.29,17536.82,5974.18,70052.85,55085.97,15469.44,17834.6,36839.32,32.38
36,ASSAM,DHEMAJI,173356.96,296.11,39037.38,616.18,213306.63,185382.68,1631.28,3250.22,181874.23,1.75
37,ASSAM,DHUBRI,94570.56,2012.96,24694.29,6935.06,128212.87,115391.58,23570.4,28285.75,86172.85,24.51
38,ASSAM,DIBRUGARH,121093.52,513.27,48314.08,1614.29,171535.16,149087.98,4890.48,8353.23,140417.47,5.6
39,ASSAM,DIMA HASAO,1685.89,531.66,2107.09,131.74,4456.37,4010.74,337.68,832.38,3123.19,20.75
40,ASSAM,GOALPARA,69946.47,1721.96,24384.58,3473.62,99526.63,83886.27,9866.64,12159.24,71307.97,14.49
41,ASSAM,GOLAGHAT,81499.92,1472.98,35673.68,1444.32,120090.9,103611.38,3677.52,5658.49,97757.82,5.46
42,ASSAM,HAILAKANDI,17628.82,852.67,12101.28,1407.83,31990.6,20762.93,5.04,1025.49,19586.39,4.94
43,ASSAM,JORHAT,71479.54,698.57,36102.78,1526.48,109807.38,85782,4215.12,6494.45,79116.95,7.57
44,ASSAM,KAMRUP,61672.48,2243.34,25759.62,6174.53,95849.96,79810.13,20144.88,24110.95,55258.35,30.21
45,ASSAM,KAMRUP METRO (RURAL),17327.69,487.97,7237.5,944.65,25997.81,22333.35,1537.2,3082.04,19209.27,13.8
46,ASSAM,KAMRUP METRO (U),5076.1,769.75,2120.21,1571.58,9537.64,6578.94,0,2982.74,3572.7,45.34
47,ASSAM,KARBI ANGLONG,27629.74,4865.69,10678.3,778.14,43951.87,29445.06,342.72,1404.98,27920.37,4.77
48,ASSAM,KARIMGANJ,32091.37,785.15,26112.55,891.83,59880.9,47850.34,80.64,1335.93,46295.22,2.79
49,ASSAM,KOKRAJHAR,187662.43,1847.76,46828.25,1905.09,238243.53,197599.19,5913.6,6535.93,191036.05,3.31
50,ASSAM,LAKHIMPUR,90950.92,513.78,27460.03,1292.4,120217.12,113560.8,3044.16,5505.5,107715.92,4.85
51,ASSAM,MORIGAON,42631.34,1102.5,12067.25,3418.57,59219.66,43676.75,10777.2,13306.22,29897.9,30.47
52,ASSAM,NAGAON,90955.7,3279.08,29182.99,9128.92,132546.69,124831.28,26891.76,34420.67,89105.22,27.57
53,ASSAM,NALBARI,36992.74,912.51,12882.88,2811.29,53599.41,33912.95,7153.44,8715.16,25045.54,25.7
54,ASSAM,SIVASAGAR,69613.93,565.19,27055.33,1004.37,98238.82,55238.42,2437.68,5411.34,49606.31,9.8
55,ASSAM,SONITPUR,153397.89,1568.99,53380.03,2918.99,211265.91,187728.28,8611.68,14632.72,172455.05,7.79
56,ASSAM,TINSUKIA,121394.33,469.78,51609.72,1538.84,175012.67,168303.29,4033.68,7589.89,160285.02,4.51
57,ASSAM,UDALGURI,37653.44,5576.43,22261.25,1602.76,67093.88,64135.16,4467.12,6746.99,57236.98,10.52
58,BIHAR,ARARIA,68115.68,5490.17,23116.63,2253.9,98976.38,91880.35,11922.9,18032.08,73848.23,19.63
59,BIHAR,ARWAL,12851.81,4814.68,1563.54,3241.27,22471.3,21195.48,6339.79,8173.23,13022.22,38.56
60,BIHAR,AURANGABAD,72714.15,10049.92,12734.88,8267.84,103766.79,98578.45,20499.58,26220.51,72357.9,26.6
61,BIHAR,BANKA,30603.57,8460.49,6122.18,4660.01,49846.25,46835.57,11808.54,16195.2,30658.22,34.58
62,BIHAR,BEGUSARAI,44390.79,6438.5,4751.7,15894.35,71475.34,64327.81,26045.4,33649.78,30677.92,52.31
63,BIHAR,BHABHUA,59233.91,14993.94,3682.25,20846.79,98756.89,89901.33,25513.2,29836.51,60064.77,33.19
64,BIHAR,BHAGALPUR,60365.06,3006.16,8725.8,3404.01,75501.03,70491.88,13838,19367.83,51123.98,27.48
65,BIHAR,BHOJPUR,55130.76,17566.73,3058.45,17998.66,93754.6,84743.03,40226.48,47425.58,37317.37,55.96
66,BIHAR,BUXAR,30439.74,17328.23,2182.74,15881.84,65832.55,59249.3,26289,30542.28,28706.97,51.55
67,BIHAR,DARBHANGA,54719.49,13978.6,10699.34,16416.13,95813.56,87982.07,20754.3,30066.53,57915.45,34.17
68,BIHAR,EAST CHAMPARAN,92005.72,23656.96,15607.44,14524.88,145795,133709.02,44138.44,55994.23,77714.64,41.88
69,BIHAR,GAYA,80826.07,8504.1,14017.31,12027.57,115375.05,107840.86,59207.33,70904.67,38745.06,65.75
70,BIHAR,GOPALGANJ,50922.1,15962.57,5863.56,16551.23,89299.46,81825.32,52663.2,60083.74,23024.45,73.43
71,BIHAR,JAMUI,30260.9,3479.48,2260.92,4315.43,40316.73,36951.43,8131.51,11806.02,25145.36,31.95
72,BIHAR,JEHANABAD,21152.49,3968.81,1805.45,8343.55,35270.3,32366.59,27537.99,30976.58,2280.46,95.71
73,BIHAR,KATIHAR,82157.68,7797.79,11091.52,8793.29,109840.28,100153.66,55644.33,63822.1,36331.5,63.72
74,BIHAR,KHAGARIA,38532.68,5090.31,3974.6,28655.65,76253.24,68627.92,18258.48,22193.66,46434.23,32.34
75,BIHAR,KISHANGANJ,59622.24,1001.98,16093.09,2230.2,78947.51,71052.76,11648.7,15364.52,55688.2,21.62
76,BIHAR,LAKHISARAI,21916.4,5238.04,1686.96,3331.36,32172.76,28955.48,6478.48,8646.91,20659,29.86
77,BIHAR,MADHEPURA,38398.84,7157.06,8821.12,10202.9,64579.92,60472.3,29938.95,35237.45,25234.8,58.27
78,BIHAR,MADHUBANI,75981.86,17619.79,9595.41,13937.27,117134.33,105917.86,29360.7,38888.58,67029.18,36.72
79,BIHAR,MUNGER,25119.64,5925.68,1741.87,4647.44,37434.63,34195.61,8305.8,11300,22988.52,33.05
80,BIHAR,MUZAFFARPUR,65578.77,19895.06,9378.41,24801,119653.24,110115.58,62215.71,74384.67,36390.05,67.55
81,BIHAR,NALANDA,50252.21,11209.91,6604.69,20515.03,88581.84,80255.93,47302.64,55246.39,25190.6,68.84
82,BIHAR,NAWADA,41340.26,7047.17,3921.06,10570.99,62879.48,58107.82,26098.05,30764.72,27342.98,52.94
83,BIHAR,PATNA,68567.74,9290.91,9689.58,12754.29,100302.52,93154.86,42572.72,55946.22,37411.34,60.06
84,BIHAR,PURNIA,80325.57,3941.22,28554.42,4335.13,117156.34,110710.84,52635.73,61128.95,49581.82,55.21
85,BIHAR,ROHTAS,87894.68,12299.81,10245.26,5240.61,115680.36,105588.25,19053.39,25651.16,79936.95,24.29
86,BIHAR,SAHARSA,38572.31,4997.73,6107.21,4159.38,53836.63,50495.74,16507.2,20607.68,29888.01,40.81
87,BIHAR,SAMASTIPUR,57602.36,27253.08,12853.22,36126.18,133834.84,125997.07,49445.7,59539.83,66457.14,47.25
88,BIHAR,SARAN,59443.26,10320.09,6265.22,11768.1,87796.67,81955.8,42716.7,52197.83,29757.9,63.69
89,BIHAR,SHEIHKPURA,14400.81,2865.05,1937.21,4133.93,23337,21718.82,6720.9,8330.52,13388.26,38.36
90,BIHAR,SHEOHAR,12124.72,1311.34,109.15,895.03,14440.24,13102.2,6048,7592.74,5509.43,57.95
91,BIHAR,SITAMARHI,55703.5,7025.21,2533.52,4967.33,70229.56,65423.17,22680.86,30030.3,35392.79,45.9
92,BIHAR,SIWAN,45698.33,23943.23,4768.49,19838.17,94248.22,88288.8,42117.26,50153.82,38134.89,56.81
93,BIHAR,SUPAUL,53625.57,11013.31,18893.06,8670.44,92202.38,85692.53,25006.95,30260.74,55431.73,35.31
94,BIHAR,VAISHALI,47520.05,12004.78,6996.69,10363.93,76885.45,69933.98,35099.18,43557.63,26764.35,62.28
95,BIHAR,WEST CHAMPARAN,98972.51,22636.52,16150.1,33960.02,171719.15,160996.03,27144.2,36297.19,124698.75,22.55
96,CHATTISGARH,BALOD,17178.84,7717.07,0,9938.71,34834.62,32120.86,18571.03,20809.54,11090.46,64.79
97,CHATTISGARH,BALODA BAZAR,35270.94,15185.95,3199.33,6853.85,60510.07,54459.05,17672.41,21813.93,31348.53,40.06
98,CHATTISGARH,BALRAMPUR,47125.34,1471.44,4687.57,3158.93,56443.28,51267.02,14188.27,16014.22,34968.13,31.24
99,CHATTISGARH,BASTAR,25306.64,725.98,4795.7,1639.88,32468.2,29627.96,5618.18,7734.22,21621.62,26.1
100,CHATTISGARH,BEMETARA,16646.26,12525.56,0,13977.93,43149.75,38834.78,28286.77,30314.79,7969.48,78.06
101,CHATTISGARH,BIJAPUR,34518.65,188.02,4178.56,562.23,39447.46,35502.72,1874.06,2494.7,32938.55,7.03
102,CHATTISGARH,BILASPUR,30466.89,7457.13,4692.02,7166.4,49782.44,45677.92,17798.32,23917.64,20327.51,52.36
103,CHATTISGARH,DANTEWARA,17272.01,139.37,2803.05,931.39,21145.82,19916.77,2138.23,2832.54,17019.83,14.22
104,CHATTISGARH,DHAMTARI,22019.95,9720,0,11625.92,43365.87,39029.27,22854.81,24893.45,13945.24,63.78
105,CHATTISGARH,DURG,13509.67,8420.75,0,9118.98,31049.4,27944.45,17603.39,23068.44,5250.29,82.55
106,CHATTISGARH,GARIABAND,23545.16,5157.24,0,5176.9,33879.3,31363.55,14842.44,16354.22,14757.02,52.14
107,CHATTISGARH,JANJGIR-CHAMPA,20152.44,12117.48,3371.19,8242.38,43883.49,40071.25,14528.66,18923.97,20425.23,47.23
108,CHATTISGARH,JASHPUR,29183.09,1767.82,4870.86,3611.92,39433.69,35676.73,11849.74,13944.96,21515.61,39.09
109,CHATTISGARH,KANKER,54666.14,2496.52,6636.56,7856.15,71655.37,66300.67,19918.75,21769.92,44291.49,32.84
110,CHATTISGARH,KAWARDHA,30865.93,4509.37,3942.86,7713.21,47031.37,43051.19,25294.34,27517.51,15076.45,63.92
111,CHATTISGARH,KONDAGAON,27838.8,737.34,4654.5,2180.35,35410.99,32583.22,11238.13,12666.76,19732.7,38.88
112,CHATTISGARH,KORBA,31116.19,922.18,4089.97,2007.9,38136.24,34980.09,8159.85,12538.91,21923.8,35.85
113,CHATTISGARH,KORIYA,40415.7,4134.58,3332.6,2360.19,50243.07,45789.91,7799.24,9458.95,36178.96,20.66
114,CHATTISGARH,MAHASAMUND,46341.27,6775.73,1267.56,11414.38,65798.94,60132.36,33144.4,35765.66,23990.11,59.48
115,CHATTISGARH,MUNGELI,10758.94,2915.44,0,3051.8,16726.18,15126.57,6591.88,8221.43,6117.5,54.35
116,CHATTISGARH,NARAYANPUR,22556.28,264.34,3730.18,483.08,27033.88,25254.19,643.2,987.17,24227.42,3.91
117,CHATTISGARH,RAIGARH,31007.68,3601.55,5198.26,4941.12,44748.61,41166.73,16093.58,20292.35,20327.56,49.29
118,CHATTISGARH,RAIPUR,20050.78,10717.93,626.47,11424.75,42819.93,38711.35,17410.21,24249.72,13657.07,62.64
119,CHATTISGARH,RAJNANDGAON,38627.31,11790.79,4412.1,15313.75,70143.95,63943.58,32625,36929.55,26039.09,57.75
120,CHATTISGARH,SUKMA,31231.09,321.43,0,433.56,31986.08,29124.19,890.28,1477.62,27606.61,5.07
121,CHATTISGARH,SURAJPUR,27781.65,2491.15,2184.18,8362.53,40819.51,37565.78,18359.7,20316.82,16979.21,54.08
122,CHATTISGARH,SURGUJA,36072.42,1530.27,3522.68,4168.22,45293.59,41537.36,12120.05,14218.42,27047.9,34.23
123,DELHI,CENTRAL DELHI,711.25,1291.95,129.85,407.58,2540.62,2376.23,189.51,1921.01,292.4,80.84
124,DELHI,EAST DELHI,147.76,182.52,34.44,1133.1,1497.83,1384.46,690,1501.5,4.34,108.45
125,DELHI,NEW DELHI,1852.76,191.09,371,1014.21,3429.06,3216.63,955.13,5128.02,0,159.42
126,DELHI,NORTH DELHI,3431.32,1113.28,750.2,4304.94,9599.74,9119.76,1868.23,7660.44,913.93,84
127,DELHI,NORTH EAST DELHI,284.26,366.58,60.97,355.43,1067.24,977.68,329.01,1150.39,0,117.66
128,DELHI,NORTH WEST DELHI,1475.87,1159.92,260.26,1275.96,4172.01,3963.41,711.59,2760.45,978.15,69.65
129,DELHI,SHAHDARA,274.56,64.06,58.8,225.04,622.47,563.86,57.36,941.6,0,166.99
130,DELHI,SOUTH DELHI,1454.8,31.39,303.24,129.05,1918.48,1806.59,466.71,4604.51,0,254.87
131,DELHI,SOUTH EAST DELHI,841.64,367.97,190.59,307.09,1707.29,1564.87,1426.64,3279.1,0,209.54
132,DELHI,SOUTH WEST DELHI,1435.54,173.17,299.49,472.1,2380.29,2142.27,2075.54,4482.64,0,209.25
133,DELHI,WEST DELHI,887.29,380.75,189.89,1068.2,2526.14,2399.83,283.79,2160.63,8,90.03
134,DELHI,NON REVENUE UNIT,45.16,516.16,77.52,0,638.85,574.96,0,400,102.61,69.57
135,GOA,NORTH GOA,9981.48,2401.94,0,3654.35,16037.77,9622.66,1009.71,2856.85,4728.36,29.69
136,GOA,SOUTH GOA,9014.06,130.41,644.26,895.84,10684.57,6410.74,1048.14,2514.51,2264.45,39.22
137,GUJARAT,AHMEDABAD,39237.37,8763.67,0,9845.43,57846.47,54954.15,35902.2,39574.17,14527.39,72.01
138,GUJARAT,AMRELI,104008.67,11261.72,0,10873.04,126143.43,119836.26,70915.6,73259.78,45969.04,61.13
139,GUJARAT,ANAND,31573.68,16408.41,0,19793.63,67775.72,64386.93,24645.9,28056.6,35455.75,43.57
140,GUJARAT,ARVALLI,54198,6755.21,0,5954.55,66907.76,63562.37,34789.5,36489.12,26582.93,57.41
141,GUJARAT,BANASKANTHA,108741.52,25708.07,0,13117.87,147567.45,140189.08,153015.9,157492.27,11310.77,112.34
142,GUJARAT,BHARUCH,38578.52,4518.91,0,10364.94,53462.37,50789.25,15136.7,16875.23,32579.11,33.23
143,GUJARAT,BHAVNAGAR,60632.36,12108.87,0,9220.02,81961.26,77863.2,43098.3,46351.83,29617.87,59.53
144,GUJARAT,BOTAD,30879.16,3699.19,0,2892.38,37470.73,35597.2,21385.1,22380.41,12825.8,62.87
145,GUJARAT,CHHOTA UDEPUR,19160.21,7323.5,0,9142.76,35626.48,33845.15,14573.4,16261.93,17027.47,48.05
146,GUJARAT,DAHOD,22691.52,11277.61,0,7515.52,41484.65,39410.42,14643.2,18072.2,20020.5,45.86
147,GUJARAT,DANG,5165.87,3371,0,37,8573.87,8144.87,610,996.8,7021.77,12.24
148,GUJARAT,DEVBHUMI DWARKA,25540.11,3310.52,0,1593.56,30444.19,28921.48,17533.8,18595.51,9858.42,64.3
149,GUJARAT,GANDHINAGAR,40861.21,5888.93,0,2731.67,49481.81,47007.72,51114,53377.7,0,113.55
150,GUJARAT,GIR SOMNATH,42519.05,4047.36,0,5192.14,51758.55,49170.62,28808.8,30123.58,16652.61,61.26
151,GUJARAT,JAMNAGAR,65638.79,10361.18,0,3283.57,79283.53,75319.35,45686.9,47657.37,26775.88,63.27
152,GUJARAT,JUNAGADH,87552,8136.66,0,8463.15,104151.81,98944.22,61232.55,63566.86,34628.52,64.25
153,GUJARAT,KACHCHH,58705.32,16242.9,0,13220.84,88169.06,83760.6,68013.5,70248.98,13896.67,83.87
154,GUJARAT,KHEDA,36371.57,16751.15,0,17054.67,70177.39,66668.48,29286.4,32556.54,33177.03,48.83
155,GUJARAT,MAHESANA,88305.48,14832.34,0,11801.91,114939.73,109192.75,122279.1,125396.49,900.7,114.84
156,GUJARAT,MAHISAGAR,22394.94,6526.39,0,8122.51,37043.84,35191.65,11979.5,13631.2,21086.45,38.73
157,GUJARAT,MORBI,48353.66,4433.05,0,5808.7,58595.41,55665.64,32588.8,33724.46,21193.49,60.58
158,GUJARAT,NARMADA,11503.5,6541.31,0,7131.91,25176.72,23917.88,3660.7,4631.77,19020.22,19.37
159,GUJARAT,NAVSARI,42109.58,6218.27,0,11908.61,60236.46,57224.63,18422.5,20543.8,36211.93,35.9
160,GUJARAT,PANCHMAHAL,19945.37,11806.93,0,10516.55,42268.85,40155.39,11934.5,14677.42,24660.59,36.55
161,GUJARAT,PATAN,21368.79,12197.66,0,6706.27,40272.71,38259.07,37697.5,38566.63,611.05,100.8
162,GUJARAT,PORBANDAR,18217.6,2421.58,0,1110.83,21750.01,20662.51,14175,14738.14,5413.36,71.33
163,GUJARAT,RAJKOT,115745.68,23899.65,0,16908.43,156553.76,148726.07,93071.3,95955.75,51777.66,64.52
164,GUJARAT,SABARKANTHA,64747.17,15500.67,0,9100.1,89347.95,84880.55,57122.9,59455.31,24752.79,70.05
165,GUJARAT,SURAT,77719.11,22063.19,0,26612.3,126394.6,120074.87,28865.2,32841.2,86042.67,27.35
166,GUJARAT,SURENDRANAGAR,58510.53,9432.18,0,3791.58,71734.29,68147.58,38159,39576.4,26968.04,58.07
167,GUJARAT,TAPI,30889.34,6821.91,0,6458.35,44169.6,41961.12,16672.9,17986.14,23641.66,42.86
168,GUJARAT,VADODARA,68427.99,12374.88,0,21135.1,101937.97,96841.08,52570,56076.76,41215.16,57.91
169,GUJARAT,VALSAD,35142.63,8833.86,0,4173.55,48150.03,45742.06,14504.4,17986.02,26223.54,39.32
170,HARYANA,AMBALA,29740,10435,9196,7133,56504,50854,36060.44,51135.44,7487.45,100.55
171,HARYANA,BHIWANI,17014.41,12614.35,3154.56,12526.21,45309.53,40778.63,45012,47717,3604.59,117.01
172,HARYANA,CHARKI DADRI,9974.6,2981.02,2234.87,3378.89,18569.38,16712.44,25307,26675.2,2274.5,159.61
173,HARYANA,FARIDABAD,5403,3317,3036,4621,16377,14739,12691,18551,0,125.86
174,HARYANA,FATEHABAD,14233.31,23523.82,3127.34,23102.09,63986.56,57587.96,92158,92964,123.84,161.43
175,HARYANA,GURUGRAM,11805,1671,4468,3252,21196,19077,21920,42122,0,220.8
176,HARYANA,HISAR,21269.77,17978.51,4834.7,26968.46,71051.44,63946.29,65218,66270,7248.29,103.63
177,HARYANA,JHAJJAR,11539.54,10634.94,3321.68,12606.1,38102.26,34292.03,20620,21172,12892.03,61.74
178,HARYANA,JIND,17583.72,27872.43,9836.8,32166.17,87459.12,78713.22,99849,102037,6927.32,129.63
179,HARYANA,KAITHAL,16113,18821,5204,10949,51087,45978,101969,104775,0,227.88
180,HARYANA,KARNAL,28421,18858,5117,25226,77622,69859,113464,118696,2463,169.91
181,HARYANA,KURUKSHETRA,15003.8,8190.31,5030.2,5022.79,33247.1,29922.79,66729,73008,0,243.99
182,HARYANA,MAHENDRAGARH,16708,2978,5214,6247,31147,28032,23266,26299,6124,93.82
183,HARYANA,MEWAT,8318,3709,4039,4779,20845,18760,17595,18725,2746,99.81
184,HARYANA,PALWAL,11362,15970,2393,22364,52089,46880,47822,50142,0,106.96
185,HARYANA,PANCHKULA,9406,933,2569,672,13580,12223,7199,8315,3909,68.03
186,HARYANA,PANIPAT,13030,7616,2589,9943,33178,29861,54100,56072,0,187.78
187,HARYANA,REWARI,18174,5005,4334,15187,42700,38430,29559,35079,5597,91.28
188,HARYANA,ROHTAK,12743.28,9556.3,4746.8,10252.75,37299.13,33569.21,18495,19055,12624.89,56.76
189,HARYANA,SIRSA,26332.52,15090.78,3951.93,27095.55,72470.78,65223.7,128027,128883,0,197.6
190,HARYANA,SONIPAT,17662.75,25961.6,6135.36,27497.04,77256.75,69531.08,63622,66854,11710,96.15
191,HARYANA,YAMUNANAGAR,24142,11624,8352,9305,53423,48081,62427,75492,1636,157.01
192,HIMACHAL,INDORA,7635.97,519.1,2556.12,1038.19,11749.38,10574.44,6228.99,13223.66,481.54,125.05
193,HIMACHAL,NURPUR,9852.88,206.19,2289.39,412.38,12760.84,11484.76,2474.22,4068.23,7150.58,35.42
194,HIMACHAL,BALH,1828.17,21.87,864.22,43.74,2758,2480.08,262.42,889.83,4709.11,35.88
195,HIMACHAL,PAONTA,5464.68,40.6,1009.72,81.19,6596.19,5936.57,486.65,1323.95,1143.51,22.3
196,HIMACHAL,KALA AMB,87.42,5.06,16.15,10.13,118.76,106.88,60.61,411.61,0,385.11
197,HIMACHAL,NALAGARH,5565.52,209.82,1920.85,419.65,8115.84,7304.26,2509.96,8515.07,389.8,116.58
198,HIMACHAL,UNA,2679.93,657.17,2689.81,1863.02,7889.93,7100.94,7885.88,10480.11,2569.71,147.59
199,HIMACHAL,HUM,417.55,5.44,120.03,44.87,587.89,529.1,326.09,399.47,0,75.5
200,J&K,ANANTNAG,9864.26,2186.24,10852.62,1417.71,24320.83,21888.74,420.8,4085.24,17803.5,18.66
201,J&K,KULGAM,586.37,3115.84,643.68,1688.08,6033.96,5430.57,147.28,1826.82,3603.74,33.64
202,J&K,PULWAMA,4094.65,3037.61,5602.13,1738.18,14472.58,13025.32,252.29,3463.06,9562.27,26.59
203,J&K,SHOPIAN,1176.36,1653.74,1609.45,1141.71,5581.26,5023.14,100.8,1463.84,3559.3,29.14
204,J&K,SRINAGAR,4603.95,2334.44,4958.58,1707.89,13604.86,12244.37,662.26,3920.98,8323.4,32.02
205,J&K,GANDERBAL,343.14,1241.96,369.58,1567.93,3522.61,3170.35,420.48,777.72,2392.63,24.53
206,J&K,BUDGAM,4459.39,3521.72,5429.76,4716.56,18127.42,16314.68,662.26,4777.74,11536.94,29.28
207,J&K,BARAMULLA,18092.1,1781.47,11360.5,2381.86,33615.94,30254.34,2112.91,8958.67,21295.68,29.61
208,J&K,BANDIPORA,806.2,1470.64,506.24,1869.59,4652.68,4187.41,367.92,2105.83,2081.58,50.29
209,J&K,KUPWARA,6184.32,2828.72,4898.4,3678.86,17590.3,15831.27,388.94,3556.52,12274.75,22.47
210,J&K,LEH,3305.79,16.12,6769.84,19.7,10111.46,9100.31,89.86,1697.87,7402.45,18.66
211,J&K,KARGIL,109.44,4.34,583.2,5.31,702.29,632.06,24.19,87.08,544.97,13.78
212,J&K,JAMMU,21456.28,18681.78,12119.88,18729.59,70987.52,63888.77,8201.16,20142.79,43745.98,31.53
213,J&K,SAMBA,5816.84,1032.1,3285.72,1405.12,11539.78,10385.8,1419.12,3111.53,7274.27,29.96
214,J&K,UDHAMPUR,412.82,331.31,3046.78,496.18,4287.09,3858.38,336.38,1497.29,2361.09,38.81
215,J&K,REASI,66.14,294.78,488.11,450.25,1299.27,1169.34,178.7,725.33,444.02,62.03
216,J&K,KATHUA,12143.32,6231.1,5756.7,7598.56,31729.68,28556.71,2611.47,8981.74,19574.96,31.45
217,J&K,DODA,504.82,18.86,1880.21,23.05,2426.94,2184.25,105.12,679.86,1504.39,31.13
218,J&K,KISHTWAR,428.33,5.65,1452.7,6.91,1893.59,1704.23,31.5,178.67,1525.56,10.48
219,J&K,RAMBAN,295.75,5.65,1101.54,6.91,1409.85,1268.86,31.5,143.5,1125.36,11.31
220,J&K,RAJOURI,1819.72,307.42,1229.9,454.89,3811.94,3430.74,304.5,1425.76,2004.98,41.56
221,J&K,POONCH,2948.92,128.74,4051.75,157.34,7286.75,6558.07,717.5,2066.5,4491.57,31.51
222,JHARKHAND,BOKARO,23143.61,626.87,1690.79,1502.56,26963.83,24605.19,2200.25,12004.88,13516.96,48.79
223,JHARKHAND,CHATRA,25140.17,753.86,1554.12,2670.89,30119.04,27586.39,5917,8331.5,19254.81,30.2
224,JHARKHAND,DEOGHAR,15252.19,415.31,1019.55,1557.77,18244.82,16842.09,4859.63,7115.5,9726.51,42.25
225,JHARKHAND,DHANBAD,16082.13,2032.64,1284.17,3474.36,22873.3,21364.22,2414.5,16300.15,5732.1,76.3
226,JHARKHAND,DUMKA,22916.01,459.81,1357.58,1823.19,26556.59,24335.31,3690.75,5903.15,18432.14,24.26
227,JHARKHAND,EAST SINGHBHUM,21843.62,245.93,2294.08,976.04,25359.67,22991.49,1301,4575.78,18415.65,19.9
228,JHARKHAND,GARHWA,25544.86,673.23,2144.45,2669.65,31032.19,28617.56,5157.63,7278.91,21338.55,25.44
229,JHARKHAND,GIRIDIH,41825.69,649.04,2293.74,2487.58,47256.05,43485.57,6578.63,11587.5,31898,26.65
230,JHARKHAND,GODDA,19014.46,258.68,1854.2,882.37,22009.71,20076.42,1698.5,4180.75,15895.62,20.82
231,JHARKHAND,GUMLA,42961.41,261.41,4712.07,1028.07,48962.96,44295.4,3589.5,5275.92,39019.42,11.91
232,JHARKHAND,HAZARIBAGH,27943.34,838.42,2532.37,3049.52,34363.65,31579.71,7238.25,11105.16,20474.48,35.17
233,JHARKHAND,JAMTARA,8074.83,577.17,568.12,2302.74,11522.86,10616.86,2060.25,3289.33,7327.51,30.98
234,JHARKHAND,KHUNTI,12976.92,169.18,997.74,664.75,14808.59,13540.16,2265,3131.58,10408.55,23.13
235,JHARKHAND,KODERMA,7660.66,186.34,203.09,744.01,8794.1,8048.38,1947.38,3086.26,4962.08,38.35
236,JHARKHAND,LATEHAR,19579.37,546.62,1292.83,2114.29,23533.11,21743.18,4948.5,6330.79,15412.35,29.12
237,JHARKHAND,LOHARDAGA,17146.98,147.31,1845.92,580.3,19720.51,17963.95,1793.5,2467.37,15496.54,13.74
238,JHARKHAND,PAKUR,11628.02,388.86,756.09,1546.81,14319.78,13343.84,1131.5,2662.18,10681.62,19.95
239,JHARKHAND,PALAMAU,30212.86,963.28,1523.56,3789.8,36489.5,33605.98,6210,9637.12,23968.77,28.68
240,JHARKHAND,RAMGARH,9360.67,581.11,517.79,991.51,11451.08,10340.23,1405.25,7292.98,3047.21,70.53
241,JHARKHAND,RANCHI,36519.48,670.1,2661.27,2420.04,42270.89,38822,7897.88,12943.07,25878.83,33.34
242,JHARKHAND,SAHEBGANJ,20486.4,377.01,1503.51,1495.73,23862.65,21504.93,1147,3610.17,17894.72,16.79
243,JHARKHAND,SARAIKELA - KHARSAWAN,12283.03,363.38,968.91,1443.75,15059.07,13553.16,739.5,2674.12,10879.01,19.73
244,JHARKHAND,SIMDEGA,29535.04,102.44,2565.09,395.94,32598.51,29988.56,1807,2734.59,27253.91,9.12
245,JHARKHAND,WEST SINGHBHUM,28105,390.68,3131,1543.73,33170.41,30139.73,1527.5,4254.53,25885.13,14.12
246,KARNATAKA,BAGALKOTE,10477.24,21996.09,5949.99,15172.94,53596.26,49105.42,43221.71,46412.27,8581.31,94.52
247,KARNATAKA,BALLARI,20038.42,17031.85,13407.76,11495.3,61973.33,56233.13,27270.44,30196.35,25555.72,53.7
248,KARNATAKA,BELAGAVI,24203.17,36407.35,10925.76,21458.54,92994.83,85800.06,57186.82,65303.5,22234.42,76.11
249,KARNATAKA,BENGALURU RURAL,10030.93,3217.15,4998.61,3266.05,21512.75,19920.63,23137.08,24556.48,0,123.27
250,KARNATAKA,BENGALURU URBAN,5636.04,2009.56,3623.57,2335.78,13604.94,12764.76,16997.34,18357.55,0,143.81
251,KARNATAKA,BIDAR,28734.1,2149.88,3874.19,3696.44,38454.6,36112.06,14144.38,15291.8,20729.31,42.35
252,KARNATAKA,CHAMRAJNAGARA,22352.92,7909.49,6062.49,4853.7,41178.59,38831.29,29633.13,32100.29,7761.34,82.67
253,KARNATAKA,CHIKBALLAPUR,12920.76,9415.14,7900.98,5591.41,35828.29,32877.41,50906.69,53955.34,0,164.11
254,KARNATAKA,CHIKKAMAGALURU,35855.69,12370.05,12862.31,8964.15,70052.19,57417.27,26667.19,29015.84,29623.61,50.54
255,KARNATAKA,CHITRADURGA,17804.11,7332.88,15463.17,8238.35,48838.51,45350.82,47969.25,52167.07,3971.29,115.03
256,KARNATAKA,DAKSHIN KANNADA,37400.72,1763.57,7174.05,3108.93,49447.27,29731.83,16068.17,18611.01,10941.01,62.6
257,KARNATAKA,DAVANGERE,18077.32,15762.44,13696.62,23940.01,71476.39,66058.73,58179.35,61424.33,8358.28,92.98
258,KARNATAKA,DHARWAD,10790.5,4140.64,6235.62,3877.1,25043.85,20696.58,11596.84,12694.41,7514.91,61.34
259,KARNATAKA,GADAG,6049.26,7504.44,6011.61,8600.05,28165.35,26394.49,22175.82,23860.85,3397.35,90.4
260,KARNATAKA,HASSAN,21453.38,27587.43,13069.44,18157.57,80267.82,71362.06,42034.71,45232.23,27053.42,63.38
261,KARNATAKA,HAVERI,12629.17,22914.69,9235.47,15745.02,60524.35,55742.66,29402.17,31677.78,23491.5,56.83
262,KARNATAKA,KALABURAGI,37689.57,3108.96,9048.7,5122.77,54970,50768.72,16805.85,20579.29,29764.7,40.54
263,KARNATAKA,KODAGU,22710.98,2532.31,9156.02,2454.16,36853.46,31335.71,8829.55,10509.3,20349.54,33.54
264,KARNATAKA,KOLAR,15936.03,8918.46,7515.11,9278.49,41648.09,39539.25,78747.74,83540.8,0,211.29
265,KARNATAKA,KOPPAL,10628.83,18930.66,7018,22523.88,59101.37,54980.23,29268,31118.02,23369.8,56.6
266,KARNATAKA,MANDYA,11155.86,54173.08,7481.59,15549.24,88359.76,82669.43,46594.47,49009.75,31873.82,59.28
267,KARNATAKA,MYSURU,27551.67,28487.71,12551.05,10004.29,78594.72,73123.62,26747.49,37495.31,33191.34,51.28
268,KARNATAKA,RAICHUR,15046.91,19693.9,9152.18,31843.88,75736.86,69962.6,27692.29,30718.17,37490.74,43.91
269,KARNATAKA,RAMANAGARA,6892.9,10549.34,7003.89,6668.95,31115.08,29689.74,26876.22,28668.09,1384.74,96.56
270,KARNATAKA,SHIVAMOGGA,43623.92,28103.19,11424.19,18773.26,101924.56,87945.65,27770.39,30804.28,56481.55,35.03
271,KARNATAKA,TUMAKURU,22351.35,21430.05,20112,12412.3,76305.69,71531.77,59684.29,64847.59,12049.52,90.66
272,KARNATAKA,UDUPI,42595.58,1633.25,5995.48,1710.56,51934.87,31409.21,9441.83,13148.38,18005.27,41.86
273,KARNATAKA,UTTAR KANNADA,62185.34,22783.03,5611.27,6296.24,96875.89,61710.76,21200.73,24799.68,36644.77,40.19
274,KARNATAKA,VIJAYAPURA,29466.66,5399.38,9209.48,8791.73,52867.25,48908.7,30057.84,33526.7,14772.62,68.55
275,KARNATAKA,YADGIR,16407.06,10756.21,5425.01,12015.25,44603.53,41343.06,12366.11,14029.9,26579.59,33.94
276,KERALA,ALAPPUZHA,25864.83,95.99,7090.63,10869,43920.45,40457.33,3982.61,13664.76,26891.33,33.78
277,KERALA,ERNAKULAM,34333.66,359.69,7264.2,13545.26,55502.81,49952.53,8862.61,21894.88,26741.34,43.83
278,KERALA,IDUKKI,15343.49,208.49,3275.63,1854.21,20681.82,18613.64,6295.75,10866.04,7747.6,58.38
279,KERALA,KANNUR,38938.74,0,0,6899.83,45838.56,41254.71,8888.11,18785.37,21812.71,45.54
280,KERALA,KASARGOD,26319.15,772.81,0,4658.31,31750.27,28575.25,16450.76,22757.58,5176.3,79.64
281,KERALA,KOLLAM,23868.19,149.12,8949.21,3880.61,36847.12,33293.56,5351.11,16466.28,15132.31,49.46
282,KERALA,KOTTAYAM,27883.63,116.03,6607.36,7008.47,41615.49,37453.94,5243.1,13603.71,22964.75,36.32
283,KERALA,KOZHIKODE,28333.75,168.91,4020.81,1489.48,34012.94,30611.65,5078.46,17761.63,11315.67,58.02
284,KERALA,MALAPPURAM,37390.3,355.78,5982.19,8553.02,52281.29,47053.16,10113.27,31627.38,11440.78,67.22
285,KERALA,PALAKKAD,28693.26,770.96,6097.53,30153.58,65715.33,59143.78,19420.79,33238.72,25106.52,56.2
286,KERALA,PATHANAMTHITTA,18298.81,132.19,6343.97,3533.64,28308.61,25583.23,3927.38,9448.53,16134.7,36.93
287,KERALA,THIRUVANANTHAPURAM,19598.91,246.64,6602.58,3037.03,29485.17,26970.47,5429.26,17215.8,9367.15,63.83
288,KERALA,THRISSUR,41301.19,923.56,5888.42,17113.35,65226.52,59048.35,21348.86,34056.1,24243.27,57.67
289,KERALA,WAYANAD,25034.74,31.29,0,670.79,25736.83,23163.14,1665.46,5677.61,17374.67,24.51
290,MADHYAPRADESH,AGAR,33210.85,2451.57,0,8723.77,44386.19,42166.88,37652.02,39149.53,5474.79,92.84
291,MADHYAPRADESH,ALIRAJPUR,17303.91,761.64,0,1599.22,19664.77,18279.15,5781.41,8227.55,9755.98,45.01
292,MADHYAPRADESH,ANUPPUR,30420,101,5577.47,269,36367.47,34549.47,1307,2754,31556.42,7.97
293,MADHYAPRADESH,ASHOKNAGAR,31436.36,2198.44,0,8283.15,41917.95,39821.99,20075.63,21865.93,17569.99,54.91
294,MADHYAPRADESH,BALAGHAT,79825,4033,8005.11,2732,94595.11,89518.11,11760.05,15289,73242.72,17.08
295,MADHYAPRADESH,BARWANI,43282.48,2592.54,0,28779.87,74654.89,70775.53,35659.06,38993.26,31065.73,55.09
296,MADHYAPRADESH,BETUL,87832.29,4914.79,15543.34,17950.96,126241.38,119671.78,65907.71,68986.65,49921.41,57.65
297,MADHYAPRADESH,BHIND,58262.08,1354.22,2332.83,14175.95,76125.08,72318.86,23214.79,26026.74,45202.07,35.99
298,MADHYAPRADESH,BHOPAL,28779,4565,0,5604,38948,37001,23462,25955,10672.05,70.15
299,MADHYAPRADESH,BURHANPUR,31137.27,1167.14,0,5827.37,38131.78,36013.37,22765.41,24202.6,11442.06,67.2
300,MADHYAPRADESH,CHHATARPUR,80722.05,4192.27,0,18549.74,103464.06,98493.03,57599.96,60773.92,36917.6,61.7
301,MADHYAPRADESH,CHHINDWARA,90989,3878,11903.79,12802,119572.79,113351.79,58651,62575,49840.19,55.2
302,MADHYAPRADESH,DAMOH,29884.61,2032.92,0,8963.43,40880.96,38283.47,19581.66,22279.32,15183.69,58.2
303,MADHYAPRADESH,DATIA,29126.08,755.83,0,6694.67,36576.58,34747.76,12584.03,13955.1,20503.11,40.16
304,MADHYAPRADESH,DEWAS,65191.87,3163.86,0,14705.92,83061.65,78745.17,62446.51,66325.6,14017.33,84.23
305,MADHYAPRADESH,DHAR,82177,5498,0,32342,120017,113217.64,73000.19,77988.57,40215.09,68.88
306,MADHYAPRADESH,DINDORI,33793,122,4682.05,417,39014.05,36408.05,2076,3709,32179.1,10.19
307,MADHYAPRADESH,GUNA,69841.94,4281.77,0,13680.39,87804.1,83413.77,43898.77,46124.79,36508.8,55.3
308,MADHYAPRADESH,GWALIOR,51556,8152,1359,17709,78776,74837,18890.59,22348.18,51225.77,29.86
309,MADHYAPRADESH,HARDA,32120,2853,0,15692,50665,48132,13795,14902,32971.95,30.96
310,MADHYAPRADESH,HOSHANGABAD,124441,11000,0,61145,196586,186782,39817,41680,144408.55,22.31
311,MADHYAPRADESH,INDORE,37608,7091,0,13193,57892,54997,57544,64141,3143.9,116.63
312,MADHYAPRADESH,JABALPUR,58987,3628,1070,6659,70344,66823,25607,28380,37820.05,42.47
313,MADHYAPRADESH,JHABUA,20865.68,792.98,0,2383.08,24041.74,22230.96,10039.47,12722.26,8918.97,57.23
314,MADHYAPRADESH,KATNI,30701,1768,0,4767,37236,35385,13957,16464,17733.95,46.53
315,MADHYAPRADESH,KHANDWA,52810.08,2736.45,0,51211.66,106758.19,101065.53,40713.16,43364.22,56620.06,42.91
316,MADHYAPRADESH,KHARGONE,63680.41,3341.48,0,66590.74,133612.63,126704.03,42281.12,46185.25,79300.92,36.45
317,MADHYAPRADESH,MANDLA,44442.5,863.23,6575.45,3858.74,55739.92,49909.92,6430,8867.3,40278.84,17.77
318,MADHYAPRADESH,MANDSAUR,46559.88,2784.63,0,12095.16,61439.67,58367.69,57087.86,60244.7,1695.81,103.22
319,MADHYAPRADESH,MORENA,49923.96,970,0,20804,71697.96,68113.96,19604,24224,38280.96,35.56
320,MADHYAPRADESH,NARSINGHPUR,104397.95,3255.17,0,16195.49,123848.61,117613.27,72389.65,74501.77,42674.61,63.34
321,MADHYAPRADESH,NEEMUCH,30833.06,4035.45,0,8165.63,43034.14,40882.44,34006.48,35748.52,4738.5,87.44
322,MADHYAPRADESH,PANNA,41228.77,1014.41,0,5383.68,47626.86,44965.39,14259.89,16410.86,27661.66,36.5
323,MADHYAPRADESH,RAISEN,76591.69,3257.56,0,9480.92,89330.17,84863.71,40757.16,44396.28,39725.05,52.31
324,MADHYAPRADESH,RAJGARH,71944.38,4439.74,0,12575.05,88959.17,84511.21,66974.15,70539.68,13335.78,83.47
325,MADHYAPRADESH,RATLAM,58567.66,5881.47,0,20690.64,85139.77,80882.77,99287.2,102423.17,2764.17,126.63
326,MADHYAPRADESH,REWA,46107.2,2699.16,1439.82,12228.54,62474.72,59043.14,21734.56,26582.62,31918.09,45.02
327,MADHYAPRADESH,SAGAR,91016,3616.3,0,14760.87,109393.17,103446.27,56953.05,60315.74,41001.45,58.31
328,MADHYAPRADESH,SATNA,45101.95,3168.33,3467.63,12970.38,64708.29,61419.25,37639.1,41860.17,18470.1,68.15
329,MADHYAPRADESH,SEHORE,58466.39,3656.46,0,12451.74,74574.59,70844.86,41495.49,43865.18,26180.08,61.92
330,MADHYAPRADESH,SEONI,67485,1761,3520.7,5865,78631.7,74391.7,25682,28669,45066.65,38.54
331,MADHYAPRADESH,SHAHDOL,47145.5,245.02,7371.51,1030.88,55792.91,52728.41,2681.56,4763,47552.22,9.03
332,MADHYAPRADESH,SHAJAPUR,46005.31,2920.61,0,9661.5,58587.42,55658.04,55071.97,57061.03,3557.82,102.52
333,MADHYAPRADESH,SHEOPUR,33569.28,781.99,0,18725.86,53077.13,48321.85,15637.03,17376.34,30769.49,35.96
334,MADHYAPRADESH,SHIVPURI,60904.53,3342.85,0,13694.96,77942.34,73451.32,47078.63,50831.63,21722.3,69.2
335,MADHYAPRADESH,SIDHI,27743.1,838.69,3545.53,1960.96,34088.28,32259.48,6948.3,9464,22301.17,29.34
336,MADHYAPRADESH,SINGRAULI,36463.69,722.85,0,2228.05,39414.59,37232.04,8283.15,10472.9,26568.13,28.13
337,MADHYAPRADESH,TIKAMGARH,39812.81,3058.72,0,11114.48,53986.01,51286.71,33793.39,37413.35,11343.48,72.95
338,MADHYAPRADESH,UJJAIN,71197.3,4816.38,0,18792.33,94806.01,90065.7,85334.3,88575.88,9098.42,98.35
339,MADHYAPRADESH,UMARIA,40067,377,5916.66,948.4,47309.06,44810.56,4059.1,5425.8,39120.06,12.11
340,MADHYAPRADESH,VIDISHA,78864.5,2598.18,0,11755.17,93217.85,88556.95,49331.56,52464.67,34950.75,59.24
341,MAHARASHTRA,AHMEDNAGAR,86779.79,13218.21,14556.76,45839.9,160394.66,151755.85,114971.91,120574.37,38775.64,79.45
342,MAHARASHTRA,AKOLA,32077,1388.27,300.6,8648.42,42414.28,39455.52,21286.27,23633.76,12853.2,59.9
343,MAHARASHTRA,AMRAVATI,61081.3,4616.65,1574.71,27139.38,94412.04,87927.15,75242.92,77647.82,18434.15,88.31
344,MAHARASHTRA,AURANGABAD,65441.68,6707.02,334.38,30575.06,103058.14,97872.44,68437.74,71917.59,15728.53,73.48
345,MAHARASHTRA,BEED,78387.68,7881.46,6240.28,33102.83,125612.25,119324.86,67596.39,71773.68,39590.95,60.15
346,MAHARASHTRA,BHANDARA,31142.09,45350.23,417.8,15413.63,92323.75,85539.63,20990.98,24512.27,60731.32,28.66
347,MAHARASHTRA,BULDHANA,64156.86,4768.16,275.87,19519.09,88719.98,83592.31,58983.5,62089.78,23043.24,74.28
348,MAHARASHTRA,CHANDRAPUR,97204.67,4834.16,1471.94,10306.92,113817.69,107908.82,10637,20865.01,86024.26,19.34
349,MAHARASHTRA,DHULE,44091.26,7170.15,0,20694.25,71955.66,67778.81,34545.18,36331.79,27103.92,53.6
350,MAHARASHTRA,GADCHIROLI,94138.79,2040.86,0,10389.57,106569.21,100598.96,19177.22,22820.69,77233.95,22.68
351,MAHARASHTRA,GONDIA,42884.11,6619.76,645.56,15779.95,65929.38,62004.77,9398.54,15383.64,46068.04,24.81
352,MAHARASHTRA,HINGOLI,46490.02,1492.73,1340.56,28431.41,77754.73,73816.84,37052.52,39215.55,29356.05,53.13
353,MAHARASHTRA,JALGAON,86052.15,6375.98,574.14,44902.36,137904.63,130930.48,100695.03,105575.29,20161.03,80.63
354,MAHARASHTRA,JALNA,57320.69,2522.77,115.46,24898.25,84857.16,80235.38,42433.06,43793.81,33882.56,54.58
355,MAHARASHTRA,KOLHAPUR,52822.22,9290.17,753.39,66060.06,128925.84,122084.14,49557.12,51308.88,70530.02,42.03
356,MAHARASHTRA,LATUR,45726.03,6929.64,0,16210.55,68866.23,65413.03,34270.64,36412.97,27018.98,55.67
357,MAHARASHTRA,NAGPUR,66817.65,6221.47,2587.51,19143,94769.63,89604.53,35642.88,45961.83,43300.72,51.29
358,MAHARASHTRA,NANDED,98215.34,843.03,3504.27,17403.1,119965.73,113963.17,34916.94,38187,69718.04,33.51
359,MAHARASHTRA,NANDURBAR,39060.71,2624.03,0,8939.55,50624.3,47422.91,17590.86,20655.56,17941.71,43.56
360,MAHARASHTRA,NASHIK,133827.97,14203.47,0,48347.66,196379.1,185635.32,104572.27,108090.8,76211,58.23
361,MAHARASHTRA,OSMANABAD,60460.58,6503.68,2583.66,15676.73,85224.64,80963.41,48461.89,50767.51,26268.67,62.7
362,MAHARASHTRA,PALGHAR,19011.8,241.69,0,3425.04,22678.53,21316.58,3703.08,4588.44,13311.58,21.53
363,MAHARASHTRA,PARBHANI,56000.04,1487.22,645.42,25891.57,84024.26,79714.11,35761.68,37745.96,34333.14,47.35
364,MAHARASHTRA,PUNE,96075.81,18178.58,1263.73,69875.02,185393.14,175378.6,118190.27,126440,52295.08,72.1
365,MAHARASHTRA,RAIGAD,33614.36,382.59,0,5438.27,39435.22,37431.36,4205.89,6362.23,27475.71,17
366,MAHARASHTRA,RATNAGIRI,41118.99,118.2,0,2025.51,43262.7,41102.03,5064.58,6326.39,34388.3,15.39
367,MAHARASHTRA,SANGLI,51956.77,18938.07,0.61,61752.24,132647.69,123687.67,69493.03,72831.37,50768.5,58.88
368,MAHARASHTRA,SATARA,53177.54,10002.24,3762.79,32613.32,99555.89,94421.14,57746.57,62576.37,31168.68,66.27
369,MAHARASHTRA,SINDHUDURG,22398.94,176.99,0,2133.28,24709.22,23442.45,7030.04,9262.78,14001.05,39.51
370,MAHARASHTRA,SOLAPUR,90200.57,10809.87,2954.07,40676.66,144641.17,137267.2,102711.83,107574.53,34029.08,78.37
371,MAHARASHTRA,THANE,15200.67,283.85,0,2214.31,17698.83,16651.14,2348.32,3054.56,12898.65,18.34
372,MAHARASHTRA,WARDHA,60064.39,1128.37,1229.63,21008.25,83430.64,79068.08,39911.98,43384.7,35457.78,54.87
373,MAHARASHTRA,WASHIM,40996.75,2586.44,68.86,12236.61,55888.66,52899.29,29499.37,31504.67,20926.03,59.56
374,MAHARASHTRA,YAWATMAL,94994.19,2676.32,5793.54,16403.96,119868.02,113552,28111.93,33864.46,70167.01,29.82
375,MANIPUR,BISHNUPUR,4485.43,129.87,3287.35,259.8,8162.5,7346.2,57.19,81.14,6593.14,1.1
376,MANIPUR,CHANDEL,0,0,0,0,0,0,0,0,0,0
377,MANIPUR,CHURACHANDPUR,2902.87,157.36,2127.5,314.71,5502.4,4952.19,75.25,95.21,4469.48,1.92
378,MANIPUR,IMPHAL EAST,2106.16,77.04,1543.6,155.26,3882.1,3493.85,6.02,34,2657.28,0.97
379,MANIPUR,JIRIBAM,4305.47,87.65,3155.46,174.95,7723.5,6951.18,27.09,54.04,6669.4,0.78
380,MANIPUR,IMPHAL WEST,4693.42,198.12,3439.79,397.88,8729.2,7856.3,105.35,166.24,6532.92,2.12
381,MANIPUR,SENAPATI,0,0,0,0,0,0,0,0,0,0
382,MANIPUR,TAMENGLONG,0,0,0,0,0,0,0,0,0,0
383,MANIPUR,THOUBAL,4648.21,311.92,3406.65,625.03,8991.8,8092.63,90.3,126.23,7368.31,1.56
384,MANIPUR,UKHRUL,0,0,0,0,0,0,0,0,0,0
385,MEGHALAYA,EAST GARO HILLS,2745.11,57.85,2014.64,15.53,4833.13,4349.81,0,20.42,4308.97,0.47
386,MEGHALAYA,EAST JAINTIA HILLS,12990.73,26.27,5023.89,6.78,18047.68,16242.91,0,54.01,16130.89,0.33
387,MEGHALAYA,EAST KHASI HILLS,7128.22,166.14,3297.08,40.78,10632.22,9569,0,234.61,9089.78,2.45
388,MEGHALAYA,NORTH GARO HILLS,12073.67,75.88,3773.95,20.61,15944.11,14349.7,51,75.3,14250.1,0.52
389,MEGHALAYA,RI-BHOI,10475.63,175.76,2099.16,155.12,12905.68,11615.11,0,65.55,11474.01,0.56
390,MEGHALAYA,SOUTH GARO HILLS,7386.53,69.6,2678.24,17.68,10152.06,9136.85,0,9.32,9118.2,0.1
391,MEGHALAYA,SOUTH WEST GARO HILLS,9928.03,106.39,3058.68,1330.07,14423.17,12548.1,2655.4,2783.22,9637.06,22.18
392,MEGHALAYA,SOUTH WEST KHASI HILLS,10174.64,24.39,2642.25,5.9,12847.18,11562.46,0,9.01,11544.44,0.08
393,MEGHALAYA,WEST GARO HILLS,23157.23,186.91,9411.18,534.7,33290.02,29365.91,102,414.77,28638.37,1.41
394,MEGHALAYA,WEST JAINTIA HILLS,11829.53,169.78,4571.08,46.5,16616.9,14955.21,5,59.33,14836.55,0.4
395,MEGHALAYA,WEST KHASI HILLS,28913.66,122.9,4374.25,29.63,33440.44,30096.4,0,14,30068.4,0.05
396,MIZORAM,AIZAWL,1035.99,0,518.14,0,1554.13,1398.71,0,192.94,1126.44,13.79
397,MIZORAM,CHAMPHAI,1129.77,0,396.83,0,1526.61,1373.95,0,43.89,1310.51,3.19
398,MIZORAM,KOLASIB,1306.08,0,674.92,0,1981,1782.9,0,29.66,1740.44,1.66
399,MIZORAM,LAWNGTLAI,3433.55,0,545.75,0,3979.3,3581.37,0,94.59,3436.38,2.64
400,MIZORAM,LUNGLEI,4793.93,0,932.58,0,5726.5,5153.85,0,192.64,4906.03,3.74
401,MIZORAM,MAMIT,3080.15,0,1624.59,0,4704.75,4234.27,0,92.39,4074.4,2.18
402,MIZORAM,SAIHA,658.16,0,159.47,0,817.63,735.87,0,39.05,676.18,5.31
403,MIZORAM,SERCHHIP,784.56,0,206.28,0,990.84,891.76,0,46.72,822.53,5.24
404,NAGALAND,DIMAPUR,8294.88,1363,3392.78,134,13184.66,11866.19,208.84,963.38,10762.93,8.12
405,NAGALAND,KIPHIRE,5222.34,0,1623.61,0,6845.95,6161.36,0,13.62,6151.43,0.22
406,NAGALAND,KOHIMA,15455.23,1708,4425.95,196,21785.18,19606.66,0,203.84,19369.51,1.04
407,NAGALAND,LONGLENG,4541.74,0,1484.21,0,6025.95,5423.36,0,27.69,5414.99,0.51
408,NAGALAND,MOKOKCHUNG,20948.89,0,6569.46,0,27518.35,24766.52,0,78.37,24700.24,0.32
409,NAGALAND,MON,19250.55,0,7107.02,0,26357.57,23721.81,0,204.59,23526.38,0.86
410,NAGALAND,PEREN,16439.43,0,5198.16,0,21637.59,19473.83,0,88.15,19383.25,0.45
411,NAGALAND,PHEK,18276.01,0,7239.7,0,25515.71,22964.14,0,38.42,22923.99,0.17
412,NAGALAND,TUENCHUNG,22382.03,0,6568.55,0,28950.58,26055.52,0,88.78,25963.53,0.34
413,NAGALAND,WOKHA,24753.67,0,6257.08,0,31010.75,27909.68,0,182.16,27728.2,0.65
414,NAGALAND,ZUNHEBOTO,9045.9,0,2564.99,0,11610.89,10449.8,0,71.12,10383.82,0.68
415,ODISHA,ANGUL,40918.06,8016.18,3962.33,5068.6,57965.17,54698.88,19842.55,24825.02,29220.51,45.38
416,ODISHA,BALASORE,63946.34,13973.34,17134.27,25217.46,120271.41,111581.03,60553.21,67289.64,43553.47,60.31
417,ODISHA,BARGARH,41040.64,12215.16,136.38,11941.23,65333.41,62066.73,25229.32,29889.2,31778.72,48.16
418,ODISHA,BHADRAK,17577.53,11087.14,4308.39,15763.32,48736.38,44625.45,24476.62,27333.5,17021.46,61.25
419,ODISHA,BOLANGIR,46705.54,5498.65,898.73,6580.74,59683.66,56091.36,19884.28,25049.38,30128.74,44.66
420,ODISHA,BOUDH,15719.95,3213.73,446.28,4048.53,23428.49,22093.4,8556.26,9879.73,12046.19,44.72
421,ODISHA,CUTTACK,45333.07,10664.44,9049.08,7932.29,72978.88,68227.29,20894.68,28839.81,38600.7,42.27
422,ODISHA,DEOGARH,22635.47,4325.72,1223.69,2910.58,31095.46,28799.93,13300.93,14323.15,14370.55,49.73
423,ODISHA,DHENKANAL,29674.7,8179.48,5442.07,2994.38,46290.63,42962.02,12266.54,16068.77,26560,37.4
424,ODISHA,GAJAPATI,12426.51,2564.56,4946.34,2536.35,22473.76,20792.07,4790.63,6508.44,14145.09,31.3
425,ODISHA,GANJAM,38130.93,25987.19,17236.11,12320.64,93674.87,86043.15,22434.96,34031.65,50525.16,39.55
426,ODISHA,JAGATSINGHPUR,17447.28,12952.8,4359.43,11033.97,45793.48,41882.2,21174.49,23969.85,17567.72,57.23
427,ODISHA,JAJPUR,33259.35,9369.34,7250.92,6174.69,56054.3,52301.51,27047.91,31871.59,20011.26,60.94
428,ODISHA,JHARSUGUDA,17492.03,1543.19,221.66,1977.96,21234.84,20007.55,5616.27,8656.34,11012.9,43.27
429,ODISHA,KALAHANDI,47562.29,10366.6,1803.22,9442.98,69175.09,64428.59,17276.44,22515.46,41249.61,34.95
430,ODISHA,KANDHAMAL,27069.53,3082.84,4436.16,3742.1,38330.63,35268,6731.75,9108.59,25929.07,25.83
431,ODISHA,KENDRAPARA,6440.35,4884.93,1731.64,4420.82,17477.74,15988.61,9202.83,10438.4,5445.19,65.29
432,ODISHA,KEONJHAR,63236.55,6628.07,11512.66,8773.49,90150.77,83868.89,27433.48,33508.69,49577.54,39.95
433,ODISHA,KHURDA,24954.24,8150.04,6000.27,8696.86,47801.41,44136.23,15210.85,21805.41,20838.37,49.4
434,ODISHA,KORAPUT,39704.02,2824.34,4155.74,4642.3,51326.4,47608.42,5783.31,10645.2,36363.49,22.36
435,ODISHA,MALKANGIRI,24116.19,3376.97,1152.11,3868.62,32513.89,30218.84,2986.82,4849.58,25047.83,16.05
436,ODISHA,MAYURBHANJ,88553.02,20433.95,18391.08,23645.41,151023.46,141553.17,46923.16,54997.07,85712.48,38.85
437,ODISHA,NABARANGAPUR,49146.54,2796.85,3944.29,3499.66,59387.34,55732.72,12771.4,16435.28,38779.13,29.49
438,ODISHA,NAYAGARH,25399.22,4104.08,5223.69,5504.78,40231.77,36974.65,10536.22,13499.12,22910.73,36.51
439,ODISHA,NUAPADA,22582.22,4454.1,706.77,4115.25,31858.34,30246.26,14266.04,15888.39,13893.34,52.53
440,ODISHA,PURI,30272.34,11901.03,7360.84,16809.44,66343.65,61117.78,25029.95,29713.74,30908.76,48.62
441,ODISHA,RAYAGADA,22195.6,2677.71,4429.71,2074.6,31377.62,28914.74,5235.67,8679.41,19881.98,30.02
442,ODISHA,SAMBALPUR,47820.48,6958.94,311.18,10624.63,65715.23,60801.91,12173.9,16080.88,44431.32,26.45
443,ODISHA,SUBARNAPUR,19918.53,3809.21,155.57,4316.71,28200.02,26471.12,9548.8,11383.5,14907.18,43
444,ODISHA,SUNDARGARH,71232.9,7828.77,2479.81,6338.09,87879.57,81586.3,21044.28,28681.71,52231.44,35.16
445,PUNJAB,AMRITSAR,30913.1,88382.03,8132.26,44164.69,171592.07,154432.86,217950.26,227964.11,0,147.61
446,PUNJAB,BARNALA,11860,36439.26,2291.59,13763.61,64354.46,57919.01,119753.01,122092.72,0,210.8
447,PUNJAB,BATHINDA,23526,65211.9,5103.14,59572.76,153413.8,141097.73,132148.5,137632.57,21994.43,97.54
448,PUNJAB,FARIDKOT,12240.19,38379.86,2201.59,14398.61,67220.25,60498.23,96432.07,101178.51,0,167.24
449,PUNJAB,FATEHGARH SAHIB,15745.54,32821.82,3589.65,9542.56,61699.56,55529.6,112087.21,115249.64,0,207.55
450,PUNJAB,FAZILKA,19944.33,45812.26,3258.04,33673.97,102688.6,92419.74,87076.15,91686.75,24647.38,99.21
451,PUNJAB,FEROZEPUR,19819.23,88613.36,5254.15,23748.79,137435.53,123691.98,199649.69,202825.23,0,163.98
452,PUNJAB,GURDASPUR,39037.45,95338.96,10704.47,27671.21,172752.1,156096.16,202477.32,209541.23,738.04,134.24
453,PUNJAB,HOSHIARPUR,45196.93,25468.49,12140.76,12163.96,94970.13,85930.92,84889.62,92120.11,10553.3,107.2
454,PUNJAB,JALANDHAR,35348.91,62312.87,8193,24552.87,130407.64,117366.88,268432.93,280696.87,0,239.16
455,PUNJAB,KAPURTHALA,21156.29,41573.51,5779.78,9413.89,77923.47,70131.1,151500.35,156919.49,0,223.75
456,PUNJAB,LUDHIANA,47045,114523.44,9961.7,43906.64,215436.78,193893.03,338377.09,354706.89,0,182.94
457,PUNJAB,MANSA,17519.23,56289.78,3536.2,36870.81,114216.02,102794.42,145381.42,145397.43,145.77,141.44
458,PUNJAB,MOGA,21395.41,76757.79,4251.41,17243.52,119648.13,107683.31,243449.7,247100.78,0,229.47
459,PUNJAB,MOHALI,17874.3,4132.63,4255.94,2134.52,28397.39,25832.24,23692.53,30869.18,2048.07,119.5
460,PUNJAB,MUKTSAR,18477.76,29431.84,3813.63,29942.86,81666.1,73499.49,51943.88,54648.72,19645.96,74.35
461,PUNJAB,NAWANSHAHAR,20468.27,29885.8,4890.58,15062.14,70306.79,63276.11,71052.69,73454.94,6616.5,116.09
462,PUNJAB,PATHANKOT,11575.76,8791.6,4284.07,6587.94,31239.36,28465.41,18741.52,21641.83,14633.61,76.03
463,PUNJAB,PATIALA,42500.59,72474.6,9144.31,28317.21,152436.72,137193.04,290318.74,297457.87,0,216.82
464,PUNJAB,ROPAR,16966.22,13807.89,4270.61,10033.9,45078.62,40570.76,44000.27,47625.69,7896.77,117.39
465,PUNJAB,SANGRUR,39219.62,81155.14,8857.52,30865.59,160097.86,144088.08,368502.31,374631.29,0,260
466,PUNJAB,TARN TARAN,26388.23,75249.29,7099.81,31359.75,140097.09,126087.38,188607.13,192793.91,0,152.91
467,RAJASTHAN,AJMER,31499.64,1909.99,0,6165.97,39575.6,35933.48,48623.83,53602.36,0,149.17
468,RAJASTHAN,ALWAR,67625.6,2334.06,7670.86,6876.18,84506.7,77256.12,133272.65,148795.88,0,192.6
469,RAJASTHAN,BANSWARA,11442.43,671.59,0,8804.14,20918.16,18954.16,8478.74,10525.83,7699.23,55.53
470,RAJASTHAN,BARAN,36016.4,3343.56,0,14570.65,53930.61,48834.41,52215.36,57970.13,5458.8,118.71
471,RAJASTHAN,BARMER,26062.15,848.48,1095.32,2337.67,30343.62,27591.2,29153.67,34284.65,1111.73,124.26
472,RAJASTHAN,BHARATPUR,35548.66,2103.91,1707.37,6165.18,45525.13,41633.61,42957.44,49904.3,0,119.87
473,RAJASTHAN,BHILWARA,46128.14,3370.82,0,10712.12,60211.07,54362.96,71234.43,75374.88,0,138.65
474,RAJASTHAN,BIKANER,25309.35,238.29,0,1056.16,26603.8,24098.53,33254.17,41034.31,3056.66,170.28
475,RAJASTHAN,BUNDI,25607.9,3117.63,0,23490.04,52215.57,47373.38,37377.47,39999.33,11977.46,84.43
476,RAJASTHAN,CHITTAURGARH,44079.09,2881.4,0,10838.87,57799.35,52477.94,71489.31,73046.64,0,139.19
477,RAJASTHAN,CHURU,12074.34,35.25,402.37,105.74,12617.69,11568.89,10251.14,12758.51,1700.28,110.28
478,RAJASTHAN,DAUSA,22053.97,1096.58,339.45,2170.75,25660.74,23122.73,38362.34,40804.96,0,176.47
479,RAJASTHAN,DHAULPUR,19953.14,1250.76,507.45,5118.52,26829.87,24358.9,27560.32,30538.21,915.27,125.37
480,RAJASTHAN,DUNGARPUR,8885.85,850.45,0,5171.62,14907.91,13466.43,8043.55,8847.49,4337.56,65.7
481,RAJASTHAN,GANGANAGAR,2210.84,19189.9,675.73,23394.56,45471.02,40923.91,15048.98,15750.38,24928.04,38.49
482,RAJASTHAN,HANUMANGARH,2558.6,7812.14,644.97,10004.22,21019.92,19047.46,11596.72,12401.02,6364.93,65.11
483,RAJASTHAN,JAIPUR,67725.26,2528.05,2717.35,6459,79429.66,71969.62,127627.58,158209.54,0,219.83
484,RAJASTHAN,JAISALMER,6675.67,20.93,0,67.65,6764.24,6087.82,15320.95,17828.21,0,292.85
485,RAJASTHAN,JALOR,41635.13,1163.35,0,10449.12,53247.59,48032.59,80857.75,85277.35,1226.27,177.54
486,RAJASTHAN,JHALAWAR,42154.25,2887.02,0,10237.03,55278.3,51135.76,48876.38,51255.53,3106.9,100.23
487,RAJASTHAN,JHUNJHUNUN,19229.72,399.9,1797.73,1605.89,23033.23,20785.24,36766.57,45251.41,0,217.71
488,RAJASTHAN,JODHPUR,41757.4,455.46,343.58,1398.79,43955.22,39710.05,71755.44,86806.36,2908.99,218.6
489,RAJASTHAN,KARAULI,35541.37,1124.88,0,3034.51,39700.76,35848.41,51625.62,56741.58,202.68,158.28
490,RAJASTHAN,KOTA,28567.82,5750.88,704.84,22295.64,57319.18,51737.08,46949.05,53513.68,3723.78,103.43
491,RAJASTHAN,NAGAUR,51135.16,304.2,4927.39,987.86,57354.61,52142.49,86573.31,101152.06,631.27,193.99
492,RAJASTHAN,PALI,42904.89,1150.86,0,5741.24,49796.99,45556.86,54088.68,57182.22,1022.26,125.52
493,RAJASTHAN,PRATAPGARH,14691.6,1405.81,0,4566.11,20663.52,19172.68,22976.94,23496.45,886.18,122.55
494,RAJASTHAN,RAJSAMAND,8162.25,681.32,126.2,2268.41,11238.18,10114.36,10550.75,12278.7,0,121.4
495,RAJASTHAN,SAWAI MADHOPUR,40235.26,1850.13,0,6918.79,49004.17,44982.58,49878.33,60525.22,0,134.55
496,RAJASTHAN,SIKAR,27738.92,859.39,802.04,1591.48,30991.84,27892.65,41094.91,49530.44,342.71,177.58
497,RAJASTHAN,SIROHI,30948.5,938.03,0,2837.73,34724.26,31661.61,31618.65,33006.17,1618.03,104.25
498,RAJASTHAN,TONK,31072.29,3525.37,0,11588.52,46186.17,41745.62,31884.16,39482.76,2833.47,94.58
499,RAJASTHAN,UDAIPUR,26718.64,2380.4,0,14613.91,43712.96,39341.66,37258.03,39874.31,1960.28,101.35
500,SIKKIM,EAST DISTRICT,71313.41,0,4524.55,0,75837.96,45047.03,0,45.74,44347.94,0.1
501,SIKKIM,SOUTH DISTRICT,45058.07,0,1682.41,0,46740.48,7361.71,0,41.66,6979.22,0.57
502,SIKKIM,NORTH DISTRICT,331775.32,0,34351.31,0,366126.63,78963.99,0,0,78863.29,0
503,SIKKIM,WEST DISTRICT,72113.99,0,2397.69,0,74511.68,20854.41,0,0,20537.83,0
504,TAMILNADU,ARIYALUR,21412.45,14301.91,3331.68,3348.16,42394.2,38154.78,14306.59,16524.39,21546.61,43.31
505,TAMILNADU,CHENNAI,1273.77,0,88.28,478.26,1840.3,1656.27,0,2846.77,0,171.88
506,TAMILNADU,COIMBATORE,15816.23,8600.94,6099.5,10118.32,40634.99,36571.49,39432.61,44563.24,1818.67,121.85
507,TAMILNADU,CUDDALORE,35024.19,97664.6,23046.5,5592.14,161327.42,145194.7,55604.58,89625.49,60231.3,61.73
508,TAMILNADU,DHARMAPURI,15368.45,15549.58,3890.1,6721.86,41529.99,37376.99,43580.17,47056.73,3028.7,125.9
509,TAMILNADU,DINDIGUL,33754.04,9327.61,6748.23,14171.97,64001.84,57601.66,61201.69,63692.05,10121.92,110.57
510,TAMILNADU,ERODE,17300.28,40945.99,5017.08,6502.14,69765.49,62788.94,56158.22,62187.75,8914.94,99.04
511,TAMILNADU,KANCHEEPURAM,30288.74,55675.46,3524.15,12997.15,102485.5,92236.95,56417.67,61501.65,31540.05,66.68
512,TAMILNADU,KANYAKUMARI,6682.62,12810.25,3047.84,3672.53,26213.24,23591.92,3915.99,6014.04,17007.89,25.49
513,TAMILNADU,KARUR,13721.53,10111.86,4133.44,3057.12,31023.95,27921.56,27539.31,28579.75,4896.65,102.36
514,TAMILNADU,KRISHNAGIRI,18201.41,13828.39,4656.5,5092.15,41778.46,37600.61,32871.87,44298.71,5320.71,117.81
515,TAMILNADU,MADURAI,20879.13,31368.31,4475.96,9738.96,66462.36,59816.12,37941.26,41693.06,19842.05,69.7
516,TAMILNADU,NAGAPATTINAM,5545.46,4985.93,802.51,1258.72,12592.62,11333.36,14444.18,15403.98,754.01,135.92
517,TAMILNADU,NAMAKKAL,16501.84,14044.08,3687.04,5304.19,39537.15,35583.43,45909.19,48103.77,3343.65,135.19
518,TAMILNADU,NILGIRIS,7297.01,396.1,1787.14,133.7,9613.95,8652.55,572,1105.38,7481.07,12.78
519,TAMILNADU,PERAMABALUR,11153.76,7937.7,2012.68,2836.08,23940.22,21546.19,24784.28,25951.21,2442.55,120.44
520,TAMILNADU,PUDUKOTTAI,38901.85,39725.65,8591.77,15230.75,102450.02,92205.01,41329.75,43171.84,48846.22,46.82
521,TAMILNADU,RAMANATHAPURAM,18818.43,30060.23,4557.26,8083.32,61519.25,55367.32,5741.16,7144.69,47954.27,12.9
522,TAMILNADU,SALEM,25606.71,14413.06,4957.48,9810.88,54788.13,49309.32,67012.62,71871.43,4144.87,145.76
523,TAMILNADU,SIVAGANGAI,26822.9,50315.45,4798.92,17586.28,99523.56,89571.2,14856.57,16272.31,73013.15,18.17
524,TAMILNADU,THANJAVUR,32171.27,35411.26,5325.1,9286.96,82194.59,73975.13,78884.05,81291.47,6711.2,109.89
525,TAMILNADU,THENI,13005.96,14074.61,8006.47,8202.44,43289.49,38960.55,28293.8,29048.01,10145.94,74.56
526,TAMILNADU,THIRUPPUR,19872.46,11392.7,6161.4,9803.14,47229.7,42506.73,47882.48,51208.63,1886.65,120.49
527,TAMILNADU,THIRUVALLUR,23141.54,63181.84,2168.28,2429.3,90920.97,81828.87,32107.97,57043.28,27100.09,69.71
528,TAMILNADU,THOOTHUKUDI,20284.35,22351.34,5735.75,6654.35,55025.79,49523.21,19781.45,21310.42,28938.53,43.03
529,TAMILNADU,TIRUNELVELI,29814.35,57379.94,9243.99,7563.91,104002.19,93601.97,58482.78,60488.31,40445.45,64.62
530,TAMILNADU,TIRUVANNAMALAI,36683.6,66936.05,4754.19,4419.76,112793.6,101514.24,102551.85,112605.02,3654.01,110.93
531,TAMILNADU,TIRUVARUR,9135.19,12168.1,1219.51,5641.15,28163.95,25347.55,21088.85,22372.48,5801.64,88.26
532,TAMILNADU,TRICHY,24011.32,34460.28,4465.68,5802.74,68740.03,61866.02,48016.29,55409.92,17031.14,89.56
533,TAMILNADU,VELLORE,24609.67,25744.61,7427.74,4897.06,62679.08,56411.17,53587.85,66447.9,5438.81,117.79
534,TAMILNADU,VILLUPURAM,29872.61,106907.54,28146.37,10725.46,175651.98,158086.78,139172.92,144185.17,26278.65,91.21
535,TAMILNADU,VIRUTHUNAGAR,23544.7,18698.96,6935.56,9119.2,58298.42,52468.58,32267.95,34161.57,20007.23,65.11
536,TELANGANA,ADILABAD,19190.11,1727.33,4064.27,3940.11,28921.82,26271.88,13717.99,16614.32,9151.28,63.24
537,TELANGANA,BHADRADRI KOTHAGUDEM,57693.51,2365.17,16717.87,4993.12,81769.67,74057.76,16405.4,19934.44,53451.64,26.92
538,TELANGANA,HYDERABAD,911.96,1672.36,352.13,1672.36,4608.79,4147.91,0,14164.39,0,341.48
539,TELANGANA,JAGTIAL,20699.16,7780.69,4835.11,13689.23,47004.19,42373.83,26861.89,31222.75,12204.45,73.68
540,TELANGANA,JANGAON,18871.46,2499.81,4994.81,6614.92,32980.99,30094.9,25735.52,27792.83,2586.98,92.35
541,TELANGANA,JAYASHANKAR BHUPALAPALLY,37709.62,7514.73,6131.88,13431.64,64787.87,59030.83,29076.75,31091.3,27418.25,52.67
542,TELANGANA,JOGULAMBA GADWAL,12506.76,1804.72,4126.24,2435.65,20873.38,18786.74,8141.88,8669,9433.47,46.14
543,TELANGANA,KAMAREDDY,26524,6584,7155,10673,50936,46636,34151,35993,9169,77.18
544,TELANGANA,KARIMNAGAR,16981.22,3248.98,3756.82,12725.44,36712.47,33160.4,22993.35,24965.77,7124.14,75.29
545,TELANGANA,KHAMMAM,38183.81,4736.4,10959.93,10349.66,64229.79,58886.02,34172.06,38115.01,21943.88,64.73
546,TELANGANA,KOMARAMBHEM ASIFABAD,31819,703,1596,1261,35379,32352,5321,7337,24694,22.68
547,TELANGANA,MAHABUBABAD,22106.49,5422.6,6112.54,9853.63,43495.26,40081.36,26071.31,28885.65,11062.07,72.07
548,TELANGANA,MAHABUBNAGAR,28664,5198,9113,9060,52035,47307,28684,32317,14472,68.31
549,TELANGANA,MANCHERIAL,38003.6,6021.23,6086.12,8819.81,58930.76,53580.95,20352.31,21981.6,30605.99,41.03
550,TELANGANA,MEDAK,24610,4758,3688,9799,42855,38571,23699,24608,12078,63.8
551,TELANGANA,MEDCHAL MALKAJGIRI,5263.44,487.64,1814.98,1048.73,8614.78,7753.01,2772.21,7286,882.52,93.98
552,TELANGANA,NAGARKURNOOL,32450,2887.51,12322.79,5996.66,53656.96,48291.26,27430.42,31824.76,15762.08,65.9
553,TELANGANA,NALGONDA,38917,8964,11369,23833,83083,75324,49929,55920,19150,74.24
554,TELANGANA,NIRMAL,33194,7171,5800,9517,55682,50469,16670,18718,31524,37.09
555,TELANGANA,NIZAMABAD,34984,13276,8087,26037,82384,74892,51289,56495,18336,75.44
556,TELANGANA,PEDDAPALLI,19081.14,5680.07,3848.87,15341.78,43951.86,39949.2,19149.09,20864.15,17936.8,52.23
557,TELANGANA,RAJANNA SIRCILLA,14713.49,2454.05,3796.08,5348.5,26312.12,24324.21,18435.91,19997.84,4584.19,82.21
558,TELANGANA,RANGAREDDY,24084.67,3480.65,8830.46,5512.78,41908.57,37987.6,25165.12,30881.04,6309.26,81.29
559,TELANGANA,SANGAREDDY,27589.54,3488.21,5755.72,5366.92,42200.39,38071.12,23411.78,26876.41,10038.84,70.6
560,TELANGANA,SIDDIPET,24946.64,7302.23,6758.71,12670,51677.58,46510.02,39812.83,43608.24,3291.51,93.76
561,TELANGANA,SURYAPET,21026.47,9794.01,7303.85,16665.05,54789.38,49896.38,27842.01,30568.73,17901.49,61.26
562,TELANGANA,VIKARABAD,23528,2169,5951,4624,36272,33069,15629,18624,13695,56.32
563,TELANGANA,WANAPARTHY,10459.02,2539.45,2335.44,3549.01,18882.92,17200.43,10013.16,11535.68,5123.99,67.07
564,TELANGANA,WARANGAL RURAL,16327.79,4593.01,4491.13,10125.37,35537.3,32017.51,25537.9,27584.14,4849.78,86.15
565,TELANGANA,WARANGAL URBAN,12206,2615,2666,4802,22289,20167,17145,18340,3373,90.94
566,TELANGANA,YADADRI BHONGIRI,22949.72,2663.52,7044.47,6477.54,39135.24,35450.24,23742,26580,7907.24,74.98
567,TRIPURA,DHALAI,11265.37,656.58,8257.26,3331.22,23510.43,17584.62,40.8,888.58,16236.22,5.05
568,TRIPURA,GOMATI,11739.85,1072.32,5836.87,4345.33,22994.37,20148.37,84.61,913.59,18890.73,4.53
569,TRIPURA,KHOWAI,7584.64,789.87,2548.52,2894.72,13817.75,10814.47,306.6,918.44,9688.6,8.49
570,TRIPURA,NORTH TRIPURA,6316.06,561.53,4871.52,2380.68,14129.79,10818.86,32.4,941.9,9446.63,8.71
571,TRIPURA,SEPAHIJALA,11043.65,872.91,5144.18,3548.44,20609.18,16791.75,704.05,1654.94,14790.79,9.86
572,TRIPURA,SOUTH TRIPURA,12231.78,889.75,5538.72,3604.37,22264.62,18098.87,172.07,1048.41,16724.65,5.79
573,TRIPURA,UNAKOTI,6787.36,629.7,4257.61,2520.58,14195.25,12668.38,4.81,611.19,11776.27,4.82
574,TRIPURA,WEST TRIPURA,13198.11,861.61,3559.33,3427.93,21046.98,16965.92,624.28,2782.19,13695.47,16.4
575,UTTARPRADESH,AGRA,54040.98,13500.6,809.86,22875.05,91226.49,84758.5,83464.26,91118.45,8384.66,107.5
576,UTTARPRADESH,ALIGARH,49646.35,12936.07,3085.12,29753.61,95421.14,89024.52,51082.36,61303.27,29381.42,68.86
577,UTTARPRADESH,AMBEDKAR NAGAR,48480.2,12412.1,387.88,18042.08,79322.26,74702.33,50783.94,56318.07,16528.64,75.39
578,UTTARPRADESH,AMETHI,29779.26,20034.79,891.89,29588.6,80294.55,75090.37,43561.74,47999.52,26334.5,63.92
579,UTTARPRADESH,AMROHA,30025.02,6680.28,2016.91,11091.14,49813.35,47037.04,44832.01,49189.05,2671.09,104.58
580,UTTARPRADESH,AURAIYA,32681.61,11385.11,1414.93,23369.73,68851.38,63284.49,28326.2,31550.57,31411.54,49.86
581,UTTARPRADESH,AYODHYA,43945.3,16505.28,715.75,30284.05,91450.38,86299.96,50701.6,57030.5,27936.56,66.08
582,UTTARPRADESH,AZAMGARH,74575.42,22270.91,0,31798.42,128644.75,121709.84,66875.61,78999.27,40274.16,64.91
583,UTTARPRADESH,BAGPAT,16241.39,7858.98,1222.67,14685.75,40008.8,37773.55,32572.1,35067.77,3767.36,92.84
584,UTTARPRADESH,BAHRAICH,80478.62,14509.37,3863.07,21937.47,120788.53,114444.88,51267.29,60014.95,52858.97,52.44
585,UTTARPRADESH,BALLIA,56154.46,12408.07,547.5,19042.18,88152.21,83422.96,45675.11,53014.74,29101.36,63.55
586,UTTARPRADESH,BALRAMPUR,59960.6,14533.09,6223.69,19507.38,100224.75,90538.81,40778.51,46266.96,43142.89,51.1
587,UTTARPRADESH,BANDA,48688.53,5720.51,519.79,8403.06,63331.9,59608.51,36116.28,40153.75,17304.3,67.36
588,UTTARPRADESH,BARABANKI,65704.92,37408.1,1657.39,73843.3,178613.71,165383.56,101396.2,109526.52,54457.15,66.23
589,UTTARPRADESH,BAREILLY,85842.96,16070.04,3116.14,30261.75,135290.89,127520.48,71803.57,85368.75,43777.07,66.95
590,UTTARPRADESH,BASTI,60193.08,5353.54,829.3,9014.97,75390.88,71621.34,41045.45,47036.01,23754.84,65.67
591,UTTARPRADESH,BIJNOR,86091.85,18620.56,6117.09,33226.83,144056.32,136350.76,86514.45,93813.66,42652.39,68.8
592,UTTARPRADESH,BUDAUN,61235,5039.39,967.46,11959.1,79200.95,73955.42,52041.7,59796.17,14540.14,80.85
593,UTTARPRADESH,BULANDSHAHAR,48917.7,40862.05,2414.01,76782,168975.76,158312.47,135089.69,141664.36,21867.06,89.48
594,UTTARPRADESH,CHANDAULI,32876.62,11624.68,0,14344.8,58846.1,53081.05,22462.29,26745.44,25762.47,50.39
595,UTTARPRADESH,CHITRAKOOT,29037.47,3969.77,305.35,5832.29,39144.88,36652.78,27475.14,29977.54,5202.74,81.79
596,UTTARPRADESH,DEORIA,50234.5,10512.42,1529.91,14509.8,76786.62,72679.53,39430.31,47098.68,24193.96,64.8
597,UTTARPRADESH,ETAH,32988.78,9078.99,1477.22,17169.87,60714.87,57189.46,41770.55,46054.52,10604.68,80.53
598,UTTARPRADESH,ETAWAH,40920.99,16268.42,985.43,29692.86,87867.7,79080.93,27552.56,30768.07,47848.95,38.91
599,UTTARPRADESH,FARRUKHABAD,37290.7,5536.22,1221.68,10814.67,54863.27,50609.47,34226.52,38036.13,11972.71,75.16
600,UTTARPRADESH,FATEHPUR,92381.39,32131.29,3736.63,32809.47,161058.78,148504.76,97567.5,104182.87,43823.48,70.15
601,UTTARPRADESH,FIROZABAD,38143.78,11166.01,4737.44,21617.06,75664.29,70630.98,72524.96,78679.13,9227.1,111.39
602,UTTARPRADESH,G.B.NAGAR,18927.78,16996.04,3062.92,26117.45,65104.18,60546.55,62501.84,66395.26,1646.99,109.66
603,UTTARPRADESH,GHAZIABAD,15248.13,9630.54,1078.71,15185.93,41143.3,37028.97,35693.32,47530.76,1339.6,128.36
604,UTTARPRADESH,GHAZIPUR,65387.57,15562.32,959.92,16217.3,98127.11,91141.91,50062,58334.48,31529.04,64
605,UTTARPRADESH,GONDA,61820.53,12589.33,2545.99,18645.26,95601.11,90330.41,47157.64,55880.53,32720.27,61.86
606,UTTARPRADESH,GORAKHPUR,85839.68,9482.4,2119.44,14705.26,112146.78,104716.15,56120.27,66990.36,36127.16,63.97
607,UTTARPRADESH,HAMIRPUR,34762.18,4275.54,0,6166.73,45204.45,42944.22,28369.07,30940.61,11518.21,72.05
608,UTTARPRADESH,HAPUR,15797.11,10369.85,1372.92,20650.31,48190.18,45780.67,45976.1,49141.16,1300.77,107.34
609,UTTARPRADESH,HARDOI,103582.92,28853.47,5035.7,47625.88,185097.97,171280.33,95005.91,103751.02,66192.41,60.57
610,UTTARPRADESH,HATHRAS,25389.59,11542.18,579.04,21193.24,58704.04,55110.17,52158.42,55931.81,6492.45,101.49
611,UTTARPRADESH,JALAUN,75624.25,11964.17,949.24,24573.13,113110.78,106082.82,48282.6,52322.32,52359.23,49.32
612,UTTARPRADESH,JAUNPUR,80060.78,25142.16,0,56046.01,161248.95,145569.78,99366.93,111434.27,35310.72,76.55
613,UTTARPRADESH,JHANSI,47087.9,18944.73,0,23355,89387.63,84908.3,39230.56,42157.15,42215.07,49.65
614,UTTARPRADESH,KANNAUJ,36390.39,10045.28,1667.91,22843.22,70946.8,65808.21,39762.58,43783.83,26764.71,66.53
615,UTTARPRADESH,KANPUR DEHAT,56928.14,14283.85,461.52,24834.55,96508.06,89083.05,58668.52,62663.6,26042.2,70.34
616,UTTARPRADESH,KANPUR NAGAR,48539.34,13425.34,2018.08,27006.71,90989.47,85015.55,59126.97,67365.28,18108.75,79.24
617,UTTARPRADESH,KASGANJ,30332.49,11877.15,1631.7,17712.82,61554.16,58476.45,38406.88,42017.91,15807.9,71.85
618,UTTARPRADESH,KAUSHAMBI,37628.32,8930.82,5491.85,12541.28,64592.28,59146.64,38065.54,42099.18,16554.35,71.18
619,UTTARPRADESH,KUSHI NAGAR,69847.29,29979,2246.95,38474.33,140547.58,131108.59,60855.26,77852.97,49973.88,59.38
620,UTTARPRADESH,LAKHIMPUR KHERI,139297.98,25337.79,22814.2,53109.61,240559.58,223926.75,115738.38,126343.54,94897.16,56.42
621,UTTARPRADESH,LALITPUR,20245.42,4333.01,0,17547.65,42126.08,40019.77,28703.37,31348.86,6295.53,78.33
622,UTTARPRADESH,LUCKNOW,35678.01,16942.95,1198.57,26052.81,79872.34,75575.86,35690.03,49381.7,29458.24,65.34
623,UTTARPRADESH,MAHOBA,10378.64,5221.63,0,7286.19,22886.46,21742.14,17674.5,19083.79,2934.78,87.77
624,UTTARPRADESH,MAHRAJGANJ,56512.35,19830.46,1979,23500.74,101822.55,96731.42,53160.56,59230.26,36351.01,61.23
625,UTTARPRADESH,MAINPURI,37500.81,18600.7,1109.04,33584.54,90795.09,86255.34,55983.23,60174.46,27738.59,69.76
626,UTTARPRADESH,MATHURA,43531.96,25865.59,769.69,41557.73,111724.97,105152.63,75651.09,81562.8,26381.65,77.57
627,UTTARPRADESH,MAUNATH BHANJAN,33104.83,7683.02,6223.69,11449.11,58460.65,52983.09,27563.71,33221.6,18538.21,62.7
628,UTTARPRADESH,MEERUT,39395.08,12913.37,2877.38,21237.38,76423.22,71928.34,49980.17,60428.57,15185.07,84.01
629,UTTARPRADESH,MIRZAPUR,27948.05,11501.73,58.07,14951.43,54459.28,50055.58,24703.63,30786.8,18300.46,61.51
630,UTTARPRADESH,MORADABAD,40768.81,10703.75,1858.61,16881.3,70212.48,65617.15,48160.81,58623.66,8496.81,89.34
631,UTTARPRADESH,MUZAFFARNAGAR,42952.08,25623.77,3128.12,41464.84,113168.8,107510.36,70542,76895.51,30817.63,71.52
632,UTTARPRADESH,PILIBHIT,86262.48,16574.21,4326.6,26957.77,134121.06,126909.71,57893.86,62846.46,63373.6,49.52
633,UTTARPRADESH,PRATAPGARH,71211.58,30365.59,0,38369.33,139946.5,128693.44,95709.82,103263.98,29417.57,80.24
634,UTTARPRADESH,PRAYAGRAJ,68331.06,37977.88,1666.59,47373.7,155349.22,146102.76,86809.93,102076.47,43692.61,69.87
635,UTTARPRADESH,RAIBARELI,65473.62,20982.23,1502.33,31971.25,119929.44,112741.13,60950.3,67366.13,44222,59.75
636,UTTARPRADESH,RAMPUR,43927.85,11981.93,1837.13,19183.34,76930.24,71375.19,48930.24,53641.89,19063.37,75.15
637,UTTARPRADESH,SAHARANPUR,62214.78,23996.48,5802.52,36712.56,128726.34,120495.84,137850.68,144578.09,6992.94,119.99
638,UTTARPRADESH,SAMBHAL,33845.47,3295.99,2039.1,5272.63,44453.19,41999.33,33338.43,38459.58,3596.46,91.57
639,UTTARPRADESH,SANT KABIR NAGAR,36822.68,3826.46,320.31,7634.51,48603.96,46173.76,23768.03,31211.58,11153.35,67.6
640,UTTARPRADESH,SANT RAVIDAS NAGAR,19703.47,7363.59,0,9621.43,36688.49,33245.66,24716.29,28453.38,4356.39,85.59
641,UTTARPRADESH,SHAHJAHANPUR,81647.73,14921.22,5091.85,25264.4,126925.2,120578.94,65481.86,73142.52,45895.79,60.66
642,UTTARPRADESH,SHAMLI,19784.03,8115.55,1544.69,13071.07,42515.34,40389.58,40899.32,44128.66,2146.67,109.26
643,UTTARPRADESH,SHRAWASTI,35364.72,5368.75,3827.78,8103.08,52664.33,47859.41,24258.46,27119.1,20139.71,56.66
644,UTTARPRADESH,SIDDHARTH NAGAR,63433.13,10634.5,1352.15,16432.15,91851.94,87259.34,47404.43,53964.15,31934.71,61.84
645,UTTARPRADESH,SITAPUR,105889,36408.38,4825.94,63271.66,210394.98,196914.28,107818.2,117925.18,77037.82,59.89
646,UTTARPRADESH,SONBHADRA,13555.99,6893.95,0,4101.13,24551.07,23197.19,9190.83,12959.22,9460.48,55.87
647,UTTARPRADESH,SULTANPUR,33267.92,37695.56,499.33,50863.87,122326.68,111858.56,49392.88,55129.85,55868.1,49.29
648,UTTARPRADESH,UNNAO,76364.2,40341.81,0,70428.46,187134.46,176693.76,100951.63,108712.29,66518.66,61.53
649,UTTARPRADESH,VARANASI,32551.95,7722.67,342.17,13545.34,54162.12,48745.91,38544.6,48620.11,5198.09,99.74
650,UTTARAKHAND,DEHRADUN,46898.4,4662.73,1655,3143.27,56359.4,53541.4,7588.5,14743.5,38797.9,27.54
651,UTTARAKHAND,HARIDWAR,25973.2,31267.84,4735,38362.17,100338.21,95322.21,49696.86,63299.66,32022.55,66.41
652,UTTARAKHAND,NAINITAL,5835,6026.36,288,3310.96,15460.32,14687.32,4820,8324.98,6362.34,56.68
653,UTTARAKHAND,UDHAM SINGH NAGAR,36321.8,51134.86,2339,42542.33,132337.99,125721.98,68127.42,78014.32,47707.66,62.05
654,WEST BENGAL,COOCHBEHAR,185334.09,5143.37,60379.13,12100.71,262957.3,236661.59,42261.5,46708.77,188411.84,20
655,WEST BENGAL,JALPAIGURI,228086.62,3939.51,65301.46,12078.29,309405.88,278465.29,8241.2,12636.95,264315.12,5
656,WEST BENGAL,DARJEELING,39186.21,0,13052.71,0,52238.92,47015.03,1169.1,2647.15,43833.19,6
657,WEST BENGAL,UTTAR DINAJPUR,91467.43,7541.41,22166.67,24353.83,145529.34,133514.83,78133.6,82944.87,47811.9,62
658,WEST BENGAL,DAKSHIN DINAJPUR,65504.74,6432.72,17257.72,18756.55,107951.73,98836.09,50706,53324.71,44780.76,54
659,WEST BENGAL,MALDA,96263.27,9181.2,21992.81,23347.7,150784.98,136087.61,59108.6,65501.03,67150.64,48
660,WEST BENGAL,MURSHIDABAD,137803.88,19693.42,38349.83,53252.88,249100.01,225726.36,186187,196473.71,22215.54,87
661,WEST BENGAL,NADIA,113617.65,18299.88,43916.37,47699.21,223533.1,204737.62,179222.2,187339.45,14914.26,92
662,WEST BENGAL,NORTH 24-PARGANAS,105327.29,8147.66,27207.49,25564.5,166246.93,149939.31,84524.6,98929.37,46378.8,66
663,WEST BENGAL,HOWRAH,18922.39,1114.8,5987.95,6932.33,32957.47,29661.73,4970,7326.32,18653.16,25
664,WEST BENGAL,HOOGHLY,87499.21,6344.07,24032.23,21148.49,139024,125121.59,54601.8,61773.22,59850.52,49
665,WEST BENGAL,BURDWAN,170643.19,13283.39,42504.98,35214.86,261646.42,236877.76,94059.6,103667.61,127055.87,44
666,WEST BENGAL,BIRBHUM,83998.75,7628.72,20743.15,16112.27,128482.89,116573.94,36191.8,40139.94,72601.72,34
667,WEST BENGAL,BANKURA,98905.53,21562.59,24886.5,32647.44,178002.06,161769.1,69980.27,74682.48,84426.38,46
668,WEST BENGAL,PURULIA,53190.45,8011.53,14077.33,4806.45,80085.76,72724.08,2232.8,6859.89,64079.31,9
669,WEST BENGAL,PURBA MEDINIPORE,53800.58,1957.01,15434.6,10220.33,81412.52,73271.26,21562.4,24610.28,47367.42,34
670,WEST BENGAL,PASCHIM MEDINIPORE,241691.73,12698.55,68840.05,40624.33,363854.66,328863.5,110919.6,118862.75,205036.12,36
671,A&N ISLAND,NORTH & MIDDLE ANDAMAN,9776.6,9.51,110.31,2.38,9898.8,8908.92,0.8,313.7,8549.52,3.52
672,A&N ISLAND,NICOBAR,16851.09,0.65,1500.12,0.16,18352.03,16516.83,0.44,109.52,16391.36,0.66
673,A&N ISLAND,SOUTH ANDAMAN,8365.75,9.39,213.51,2.35,8591,7731.9,13.54,484.95,7190.64,6.27
674,CHANDIGARH,UT OF CHANDIGARH,1631,687,488,1410,4216,3794,58,3378,416,89
675,DADRA & NAGAR HAVELI,DADRA & NAGAR HAVELI,5737.2,137.57,330,656.82,6861.59,6518.59,750.46,2042.86,4475.73,31.34
676,DAMAN,DAMAN,1172,38,0,94,1304,1239,402,635,480,51.25
677,DIU,DIU,412,20,0,39,471,424,327,386,6,91.04
678,LAKSHADWEEP,AGATTI,93.3,0,16.9,0,110.2,36.8,0,27.1,9.7,73.64
679,LAKSHADWEEP,AMINI,89.1,0,16.2,0,105.3,35.4,0,28.7,6.8,81.07
680,LAKSHADWEEP,ANDROTH,166.5,0,30.2,0,196.7,64.8,0,41.9,22.9,64.66
681,LAKSHADWEEP,CHETLAT,35.8,0,6.5,0,42.3,14.1,0,8.7,5.4,61.7
682,LAKSHADWEEP,KADMAT,107.3,0,19.5,0,126.8,42.3,0,19.8,22.6,46.81
683,LAKSHADWEEP,KALPENI,78.5,0,14.2,0,92.7,30.9,0,16.4,14.5,53.07
684,LAKSHADWEEP,KILTAN,56.1,0,10.2,0,66.3,22.5,0,15.1,7.4,67.11
685,LAKSHADWEEP,KAVARATTI,124.9,0,22.7,0,147.6,50.3,0,41.8,8.5,83.1
686,LAKSHADWEEP,MINICOY,157.6,0,27.3,0,184.9,63.7,0,38.6,25.01,60.6
687,PUDUCHERRY,PUDUCHERRY,7035,2738.37,1775.58,3671.63,15220.58,13698.52,10338,13970.5,0,101.99
688,PUDUCHERRY,KARAIKAL,1973.73,4080.47,209.22,880.62,7144.04,6429.64,616.65,1004.32,5408.47,15.62
689,PUDUCHERRY,MAHE,245.45,0,23.11,0,268.56,241.71,0,166,65.37,68.68
